token,weighted_count,coverage_percent
13,311.50,0.0703
com,247.00,0.0558
123,236.00,0.0533
12,234.00,0.0528
23,217.50,0.0491
22,211.00,0.0476
21,203.50,0.0460
11,168.50,0.0380
24,161.00,0.0364
01,153.50,0.0347
88,141.00,0.0318
10,136.00,0.0307
77,132.00,0.0298
09,125.50,0.0283
17,122.00,0.0275
99,110.50,0.0250
08,109.00,0.0246
25,106.00,0.0239
87,105.00,0.0237
14,102.50,0.0231
27,99.00,0.0224
89,99.00,0.0224
07,98.00,0.0221
33,96.00,0.0217
18,93.50,0.0211
16,87.00,0.0196
15,85.50,0.0193
19,85.00,0.0192
86,80.50,0.0182
28,80.50,0.0182
69,79.00,0.0178
06,78.50,0.0177
20,73.50,0.0166
03,71.50,0.0161
05,71.50,0.0161
32,70.00,0.0158
m,69.50,0.0157
44,68.50,0.0155
76,68.00,0.0154
78,66.00,0.0149
26,64.00,0.0145
85,60.50,0.0137
04,59.50,0.0134
a,59.50,0.0134
83,59.00,0.0133
42,59.00,0.0133
82,59.00,0.0133
79,58.00,0.0131
29,56.50,0.0128
55,56.50,0.0128
84,55.50,0.0125
92,55.50,0.0125
31,55.00,0.0124
75,55.00,0.0124
66,54.50,0.0123
81,54.50,0.0123
777,54.50,0.0123
101,50.50,0.0114
02,49.50,0.0112
00,49.50,0.0112
34,49.00,0.0111
30,48.50,0.0110
91,47.50,0.0107
72,46.00,0.0104
93,44.50,0.0100
56,44.00,0.0099
c,43.50,0.0098
2009,43.50,0.0098
j,43.00,0.0097
s,42.50,0.0096
007,42.50,0.0096
71,42.00,0.0095
57,42.00,0.0095
73,41.00,0.0093
k,40.50,0.0091
67,38.50,0.0087
90,38.50,0.0087
64,37.00,0.0084
80,37.00,0.0084
420,34.50,0.0078
74,34.00,0.0077
2007,33.50,0.0076
2008,33.50,0.0076
59,33.00,0.0075
yahoo,33.00,0.0075
95,33.00,0.0075
45,32.00,0.0072
47,31.50,0.0071
35,30.50,0.0069
99999,30.50,0.0069
98,30.00,0.0068
94,30.00,0.0068
2000,29.50,0.0067
2006,29.00,0.0065
001,29.00,0.0065
37,28.00,0.0063
co,27.00,0.0061
68,26.50,0.0060
333,26.50,0.0060
63,26.50,0.0060
51,26.50,0.0060
aol,26.00,0.0059
97,26.00,0.0059
54,26.00,0.0059
b,25.50,0.0058
r,25.00,0.0056
65,25.00,0.0056
43,25.00,0.0056
t,25.00,0.0056
1,24.50,0.0055
p,24.50,0.0055
46,24.50,0.0055
52,24.00,0.0054
1980,23.50,0.0053
143,23.50,0.0053
n,23.50,0.0053
d,23.00,0.0052
39,23.00,0.0052
ca,23.00,0.0052
36,22.50,0.0051
e,22.00,0.0050
38,21.50,0.0049
2003,21.00,0.0047
50,21.00,0.0047
96,20.50,0.0046
net,19.50,0.0044
62,19.50,0.0044
58,19.50,0.0044
g,19.00,0.0043
4u,19.00,0.0043
40,19.00,0.0043
x,19.00,0.0043
121,19.00,0.0043
49,18.50,0.0042
2002,18.50,0.0042
1234,18.50,0.0042
666,18.00,0.0041
48,18.00,0.0041
2005,18.00,0.0041
mike,17.50,0.0040
h,17.50,0.0040
100,17.00,0.0038
hotmail,17.00,0.0038
70,17.00,0.0038
gmail,16.50,0.0037
61,16.50,0.0037
999,15.50,0.0035
w,15.50,0.0035
888,15.00,0.0034
213,15.00,0.0034
2001,14.50,0.0033
2004,14.50,0.0033
1981,14.00,0.0032
112,14.00,0.0032
41,14.00,0.0032
rr,13.50,0.0030
f,13.50,0.0030
786,13.50,0.0030
1969,13.50,0.0030
60,13.00,0.0029
v,13.00,0.0029
321,13.00,0.0029
711,12.50,0.0028
53,12.50,0.0028
187,12.50,0.0028
222,12.50,0.0028
1989,12.50,0.0028
l,12.00,0.0027
247,12.00,0.0027
test,12.00,0.0027
uk,12.00,0.0027
111,11.50,0.0026
2k,11.50,0.0026
2010,11.50,0.0026
423,11.50,0.0026
1987,11.50,0.0026
ac,11.00,0.0025
313,11.00,0.0025
1985,11.00,0.0025
7,11.00,0.0025
live,11.00,0.0025
311,10.50,0.0024
911,10.50,0.0024
tony,10.50,0.0024
1983,10.50,0.0024
727,10.00,0.0023
john,10.00,0.0023
james,10.00,0.0023
in,10.00,0.0023
1984,10.00,0.0023
234,10.00,0.0023
2,10.00,0.0023
1313,10.00,0.0023
i,9.50,0.0021
108,9.50,0.0021
1000,9.50,0.0021
211,9.50,0.0021
1979,9.50,0.0021
andrew,9.00,0.0020
1976,9.00,0.0020
212,9.00,0.0020
webolutions,9.00,0.0020
613,8.50,0.0019
jeff,8.50,0.0019
124,8.50,0.0019
126,8.50,0.0019
3,8.50,0.0019
513,8.00,0.0018
225,8.00,0.0018
2112,8.00,0.0018
316,8.00,0.0018
1960,8.00,0.0018
1010,8.00,0.0018
009,8.00,0.0018
713,7.50,0.0017
619,7.50,0.0017
013,7.50,0.0017
david,7.50,0.0017
1978,7.50,0.0017
me,7.50,0.0017
1977,7.50,0.0017
y,7.50,0.0017
amanda,7.00,0.0016
714,7.00,0.0016
326,7.00,0.0016
joe,7.00,0.0016
us,7.00,0.0016
jessica,7.00,0.0016
1982,7.00,0.0016
122,7.00,0.0016
417,7.00,0.0016
411,7.00,0.0016
anand,7.00,0.0016
107,7.00,0.0016
q,7.00,0.0016
1213,7.00,0.0016
lauren,7.00,0.0016
1992,7.00,0.0016
4life,6.50,0.0015
523,6.50,0.0015
159,6.50,0.0015
412,6.50,0.0015
217,6.50,0.0015
ashley,6.50,0.0015
555,6.50,0.0015
jason,6.50,0.0015
712,6.50,0.0015
z,6.50,0.0015
223,6.50,0.0015
626,6.50,0.0015
2012,6.00,0.0014
george,6.00,0.0014
424,6.00,0.0014
1986,6.00,0.0014
012,6.00,0.0014
227,6.00,0.0014
carol,6.00,0.0014
melissa,6.00,0.0014
210,6.00,0.0014
1024,6.00,0.0014
ed,6.00,0.0014
scott,6.00,0.0014
201,6.00,0.0014
md,6.00,0.0014
sean,6.00,0.0014
214,6.00,0.0014
1991,6.00,0.0014
mr,6.00,0.0014
maria,6.00,0.0014
matt,6.00,0.0014
1990,6.00,0.0014
louise,6.00,0.0014
1988,6.00,0.0014
1975,6.00,0.0014
145,6.00,0.0014
818,6.00,0.0014
314,6.00,0.0014
323,6.00,0.0014
tester,6.00,0.0014
303,5.50,0.0012
nicole,5.50,0.0012
1972,5.50,0.0012
125,5.50,0.0012
au,5.50,0.0012
rob,5.50,0.0012
825,5.50,0.0012
kevin,5.50,0.0012
alex,5.50,0.0012
1111,5.50,0.0012
789,5.50,0.0012
mark,5.50,0.0012
103,5.50,0.0012
102,5.50,0.0012
gary,5.50,0.0012
2u,5.50,0.0012
515,5.50,0.0012
1957,5.50,0.0012
michelle,5.50,0.0012
jennifer,5.50,0.0012
421,5.50,0.0012
118,5.50,0.0012
1967,5.50,0.0012
4,5.50,0.0012
163,5.50,0.0012
9,5.50,0.0012
317,5.50,0.0012
mac,5.50,0.0012
brian,5.50,0.0012
721,5.50,0.0012
369,5.50,0.0012
thomas,5.50,0.0012
987,5.50,0.0012
182,5.50,0.0012
butterfly,5.00,0.0011
151,5.00,0.0011
jackson,5.00,0.0011
andrea,5.00,0.0011
824,5.00,0.0011
504,5.00,0.0011
daniel,5.00,0.0011
927,5.00,0.0011
4747,5.00,0.0011
150,5.00,0.0011
444,5.00,0.0011
8888,5.00,0.0011
comcast,5.00,0.0011
245,5.00,0.0011
abc,5.00,0.0011
1214,5.00,0.0011
lisa,5.00,0.0011
5150,5.00,0.0011
alexis,5.00,0.0011
707,5.00,0.0011
crystal,5.00,0.0011
808,5.00,0.0011
johnson,5.00,0.0011
716,5.00,0.0011
138,5.00,0.0011
my,5.00,0.0011
220,5.00,0.0011
216,5.00,0.0011
1013,5.00,0.0011
8,5.00,0.0011
erin,5.00,0.0011
929,5.00,0.0011
richard,5.00,0.0011
1014,5.00,0.0011
360,5.00,0.0011
1993,5.00,0.0011
003,5.00,0.0011
1971,5.00,0.0011
justin,5.00,0.0011
jordan,5.00,0.0011
1337,5.00,0.0011
chen,5.00,0.0011
226,4.50,0.0010
paul,4.50,0.0010
laura,4.50,0.0010
sara,4.50,0.0010
678,4.50,0.0010
carrie,4.50,0.0010
andre,4.50,0.0010
104,4.50,0.0010
147,4.50,0.0010
821,4.50,0.0010
u,4.50,0.0010
219,4.50,0.0010
627,4.50,0.0010
josh,4.50,0.0010
820,4.50,0.0010
1701,4.50,0.0010
angel,4.50,0.0010
3000,4.50,0.0010
365,4.50,0.0010
0420,4.50,0.0010
kim,4.50,0.0010
516,4.50,0.0010
717,4.50,0.0010
310,4.50,0.0010
315,4.50,0.0010
1961,4.50,0.0010
119,4.50,0.0010
jon,4.00,0.0009
224,4.00,0.0009
302,4.00,0.0009
110,4.00,0.0009
221,4.00,0.0009
bob,4.00,0.0009
princess,4.00,0.0009
720,4.00,0.0009
747,4.00,0.0009
mustang,4.00,0.0009
joanne,4.00,0.0009
1414,4.00,0.0009
625,4.00,0.0009
521,4.00,0.0009
rebecca,4.00,0.0009
1012,4.00,0.0009
shivin,4.00,0.0009
628,4.00,0.0009
4me,4.00,0.0009
joel,4.00,0.0009
099,4.00,0.0009
307,4.00,0.0009
419,4.00,0.0009
413,4.00,0.0009
casey,4.00,0.0009
jamie,4.00,0.0009
tamara,4.00,0.0009
tweety,4.00,0.0009
money,4.00,0.0009
dean,4.00,0.0009
jasmine,4.00,0.0009
1224,4.00,0.0009
rahul,4.00,0.0009
020,4.00,0.0009
010,4.00,0.0009
1023,4.00,0.0009
sk,4.00,0.0009
miguel,4.00,0.0009
shannon,4.00,0.0009
106,4.00,0.0009
000,4.00,0.0009
deb,4.00,0.0009
julie,4.00,0.0009
801,4.00,0.0009
1963,4.00,0.0009
128,4.00,0.0009
2c,4.00,0.0009
2020,4.00,0.0009
de,4.00,0.0009
1216,4.00,0.0009
116,4.00,0.0009
rohit,4.00,0.0009
robin,4.00,0.0009
410,4.00,0.0009
205,4.00,0.0009
209,4.00,0.0009
831,4.00,0.0009
617,4.00,0.0009
528,4.00,0.0009
127,4.00,0.0009
309,4.00,0.0009
005,4.00,0.0009
alexander,4.00,0.0009
318,4.00,0.0009
154,4.00,0.0009
909,4.00,0.0009
1970,4.00,0.0009
arif,4.00,0.0009
1025,4.00,0.0009
349,4.00,0.0009
chronos,4.00,0.0009
dan,3.50,0.0008
5000,3.50,0.0008
jake,3.50,0.0008
judy,3.50,0.0008
1906,3.50,0.0008
jr,3.50,0.0008
155,3.50,0.0008
kc,3.50,0.0008
325,3.50,0.0008
star,3.50,0.0008
aim,3.50,0.0008
1127,3.50,0.0008
002,3.50,0.0008
karen,3.50,0.0008
love,3.50,0.0008
1968,3.50,0.0008
12345,3.50,0.0008
428,3.50,0.0008
1945,3.50,0.0008
1202,3.50,0.0008
0,3.50,0.0008
admin,3.50,0.0008
id,3.50,0.0008
305,3.50,0.0008
0n,3.50,0.0008
500,3.50,0.0008
458,3.50,0.0008
503,3.50,0.0008
322,3.50,0.0008
117,3.50,0.0008
156,3.50,0.0008
1221,3.50,0.0008
008,3.50,0.0008
113,3.50,0.0008
max,3.50,0.0008
fr,3.50,0.0008
daisy,3.50,0.0008
tom,3.50,0.0008
203,3.50,0.0008
joshua,3.50,0.0008
4ever,3.50,0.0008
jay,3.50,0.0008
312,3.50,0.0008
1128,3.50,0.0008
415,3.50,0.0008
916,3.50,0.0008
722,3.50,0.0008
adam,3.50,0.0008
tw,3.50,0.0008
200,3.50,0.0008
1020,3.50,0.0008
1959,3.50,0.0008
614,3.50,0.0008
920,3.50,0.0008
dj,3.50,0.0008
bg,3.50,0.0008
011,3.50,0.0008
sarah,3.50,0.0008
427,3.00,0.0007
sharon,3.00,0.0007
215,3.00,0.0007
moose,3.00,0.0007
william,3.00,0.0007
142,3.00,0.0007
636,3.00,0.0007
7777,3.00,0.0007
1997,3.00,0.0007
134,3.00,0.0007
room,3.00,0.0007
amber,3.00,0.0007
jt,3.00,0.0007
meg,3.00,0.0007
dana,3.00,0.0007
gr,3.00,0.0007
miller,3.00,0.0007
2247,3.00,0.0007
357,3.00,0.0007
1226,3.00,0.0007
kimberly,3.00,0.0007
917,3.00,0.0007
cole,3.00,0.0007
stevens,3.00,0.0007
813,3.00,0.0007
al,3.00,0.0007
msn,3.00,0.0007
o,3.00,0.0007
1324,3.00,0.0007
1015,3.00,0.0007
329,3.00,0.0007
jane,3.00,0.0007
1218,3.00,0.0007
2424,3.00,0.0007
629,3.00,0.0007
kisscafe,3.00,0.0007
621,3.00,0.0007
505,3.00,0.0007
samantha,3.00,0.0007
023,3.00,0.0007
ricky,3.00,0.0007
steve,3.00,0.0007
soccer,3.00,0.0007
wendy,3.00,0.0007
817,3.00,0.0007
180,3.00,0.0007
1964,3.00,0.0007
1996,3.00,0.0007
diana,3.00,0.0007
1204,3.00,0.0007
039,3.00,0.0007
anita,3.00,0.0007
757,3.00,0.0007
jmc,3.00,0.0007
tr,3.00,0.0007
915,3.00,0.0007
1018,3.00,0.0007
danielle,3.00,0.0007
1201,3.00,0.0007
info,3.00,0.0007
815,3.00,0.0007
michael,3.00,0.0007
linda,3.00,0.0007
819,3.00,0.0007
218,3.00,0.0007
wayne,3.00,0.0007
priyanka,3.00,0.0007
seth,3.00,0.0007
pamela,3.00,0.0007
129,3.00,0.0007
cc,3.00,0.0007
dre,3.00,0.0007
alina,3.00,0.0007
2014,3.00,0.0007
sahrawat,3.00,0.0007
teri,3.00,0.0007
1229,3.00,0.0007
jesus,3.00,0.0007
729,3.00,0.0007
praveen,3.00,0.0007
amar,3.00,0.0007
2727,3.00,0.0007
978,3.00,0.0007
1974,3.00,0.0007
raj,3.00,0.0007
1219,3.00,0.0007
0713,3.00,0.0007
ron,3.00,0.0007
jd,3.00,0.0007
dp,3.00,0.0007
347,3.00,0.0007
fadapow,3.00,0.0007
561,3.00,0.0007
1117,3.00,0.0007
90210,3.00,0.0007
545,3.00,0.0007
jb,3.00,0.0007
asdf,3.00,0.0007
018,3.00,0.0007
139,3.00,0.0007
804,3.00,0.0007
bear,3.00,0.0007
charles,3.00,0.0007
342,3.00,0.0007
0306,3.00,0.0007
814,3.00,0.0007
723,3.00,0.0007
0813,3.00,0.0007
425,3.00,0.0007
330,3.00,0.0007
157,3.00,0.0007
theresa,3.00,0.0007
522,3.00,0.0007
287,3.00,0.0007
claire,3.00,0.0007
120,3.00,0.0007
3311,3.00,0.0007
527,3.00,0.0007
2203,3.00,0.0007
400,3.00,0.0007
701,3.00,0.0007
aryan,3.00,0.0007
arvind,3.00,0.0007
logan,3.00,0.0007
gaurav,3.00,0.0007
244,3.00,0.0007
article,3.00,0.0007
623,3.00,0.0007
stacey,3.00,0.0007
1102,3.00,0.0007
tina,3.00,0.0007
stephen,3.00,0.0007
monica,3.00,0.0007
1225,3.00,0.0007
tanya,3.00,0.0007
359,3.00,0.0007
pratik,3.00,0.0007
victor,3.00,0.0007
1322,3.00,0.0007
1728,3.00,0.0007
925,3.00,0.0007
1966,3.00,0.0007
seo,3.00,0.0007
rose,3.00,0.0007
986,3.00,0.0007
1231,3.00,0.0007
456,3.00,0.0007
tsavo,3.00,0.0007
chadski,3.00,0.0007
chadski19,3.00,0.0007
adnan,3.00,0.0007
geo,3.00,0.0007
2205,3.00,0.0007
1123,3.00,0.0007
1031,3.00,0.0007
lativio,3.00,0.0007
anil,3.00,0.0007
vcpc,3.00,0.0007
kho,3.00,0.0007
251288,3.00,0.0007
ingiuks,3.00,0.0007
ted,2.50,0.0006
cathy,2.50,0.0006
annie,2.50,0.0006
nancy,2.50,0.0006
152,2.50,0.0006
jp,2.50,0.0006
beck,2.50,0.0006
248,2.50,0.0006
austin,2.50,0.0006
135,2.50,0.0006
rj,2.50,0.0006
jo,2.50,0.0006
202,2.50,0.0006
1122,2.50,0.0006
heather,2.50,0.0006
1007,2.50,0.0006
april,2.50,0.0006
mandy,2.50,0.0006
887,2.50,0.0006
567,2.50,0.0006
235,2.50,0.0006
715,2.50,0.0006
jj,2.50,0.0006
ms,2.50,0.0006
eddie,2.50,0.0006
anderson,2.50,0.0006
edu,2.50,0.0006
ali,2.50,0.0006
mp,2.50,0.0006
612,2.50,0.0006
leo,2.50,0.0006
dave,2.50,0.0006
bj,2.50,0.0006
2e,2.50,0.0006
021,2.50,0.0006
5,2.50,0.0006
taylor,2.50,0.0006
725,2.50,0.0006
926,2.50,0.0006
4e,2.50,0.0006
st,2.50,0.0006
923,2.50,0.0006
larry,2.50,0.0006
tara,2.50,0.0006
angie,2.50,0.0006
327,2.50,0.0006
2307,2.50,0.0006
338,2.50,0.0006
sc,2.50,0.0006
mel,2.50,0.0006
1227,2.50,0.0006
179,2.50,0.0006
duke,2.50,0.0006
beauty,2.50,0.0006
diane,2.50,0.0006
brad,2.50,0.0006
dr,2.50,0.0006
jim,2.50,0.0006
760,2.50,0.0006
912,2.50,0.0006
teresa,2.50,0.0006
301,2.50,0.0006
718,2.50,0.0006
xx,2.50,0.0006
neil,2.50,0.0006
aj,2.50,0.0006
141,2.50,0.0006
422,2.50,0.0006
624,2.50,0.0006
4t,2.50,0.0006
msu,2.50,0.0006
258,2.50,0.0006
052,2.50,0.0006
1973,2.50,0.0006
robert,2.50,0.0006
3d,2.50,0.0006
brent,2.50,0.0006
da,2.50,0.0006
dc,2.50,0.0006
1962,2.50,0.0006
512,2.50,0.0006
131,2.50,0.0006
1217,2.50,0.0006
703,2.50,0.0006
waters,2.50,0.0006
er,2.50,0.0006
ph,2.50,0.0006
669,2.50,0.0006
ck,2.50,0.0006
252,2.50,0.0006
811,2.50,0.0006
374,2.50,0.0006
megan,2.50,0.0006
910,2.50,0.0006
ee,2.50,0.0006
989,2.50,0.0006
am,2.50,0.0006
mm,2.50,0.0006
812,2.50,0.0006
199,2.50,0.0006
lucas,2.50,0.0006
098,2.50,0.0006
leland,2.50,0.0006
600,2.50,0.0006
520,2.50,0.0006
maya,2.50,0.0006
rogers,2.50,0.0006
446,2.50,0.0006
veronica,2.50,0.0006
981,2.50,0.0006
nelson,2.50,0.0006
sun,2.50,0.0006
109,2.50,0.0006
017,2.50,0.0006
924,2.50,0.0006
921,2.50,0.0006
006,2.50,0.0006
kd,2.50,0.0006
019,2.50,0.0006
gupta,2.50,0.0006
kelly,2.50,0.0006
193,2.00,0.0005
terry,2.00,0.0005
kev,2.00,0.0005
marque,2.00,0.0005
022,2.00,0.0005
alison,2.00,0.0005
content,2.00,0.0005
coco,2.00,0.0005
will,2.00,0.0005
db,2.00,0.0005
810,2.00,0.0005
stephanie,2.00,0.0005
sameer,2.00,0.0005
rutgers,2.00,0.0005
0333,2.00,0.0005
deepa,2.00,0.0005
simmons,2.00,0.0005
sajid,2.00,0.0005
281,2.00,0.0005
0826,2.00,0.0005
rm,2.00,0.0005
cmc,2.00,0.0005
8864,2.00,0.0005
editor,2.00,0.0005
2208,2.00,0.0005
sg,2.00,0.0005
bad,2.00,0.0005
saber,2.00,0.0005
1019,2.00,0.0005
724,2.00,0.0005
doug,2.00,0.0005
ua,2.00,0.0005
arn85578,2.00,0.0005
arn,2.00,0.0005
85578,2.00,0.0005
922,2.00,0.0005
rich,2.00,0.0005
262,2.00,0.0005
985,2.00,0.0005
4art,2.00,0.0005
sue,2.00,0.0005
0016,2.00,0.0005
kerry,2.00,0.0005
jenny,2.00,0.0005
asd,2.00,0.0005
derek,2.00,0.0005
carlajean,2.00,0.0005
630,2.00,0.0005
chai,2.00,0.0005
abby,2.00,0.0005
williams,2.00,0.0005
magnetoworld,2.00,0.0005
1400,2.00,0.0005
nissan,2.00,0.0005
1223,2.00,0.0005
emily,2.00,0.0005
marc,2.00,0.0005
vanessa,2.00,0.0005
4224,2.00,0.0005
1125,2.00,0.0005
daphne,2.00,0.0005
cheryl,2.00,0.0005
0223,2.00,0.0005
voice,2.00,0.0005
bmjut,2.00,0.0005
2284,2.00,0.0005
jeremy,2.00,0.0005
marnie,2.00,0.0005
greg,2.00,0.0005
886,2.00,0.0005
mj,2.00,0.0005
lost,2.00,0.0005
katie,2.00,0.0005
7183,2.00,0.0005
olga,2.00,0.0005
katy,2.00,0.0005
shirley,2.00,0.0005
denise,2.00,0.0005
samy,2.00,0.0005
nathan,2.00,0.0005
alb,2.00,0.0005
2675,2.00,0.0005
leticia,2.00,0.0005
blah,2.00,0.0005
319,2.00,0.0005
620,2.00,0.0005
ro,2.00,0.0005
0518,2.00,0.0005
768,2.00,0.0005
sargent,2.00,0.0005
5770,2.00,0.0005
oliver,2.00,0.0005
rip,2.00,0.0005
det,2.00,0.0005
204,2.00,0.0005
130,2.00,0.0005
ad,2.00,0.0005
memphis,2.00,0.0005
1616,2.00,0.0005
amie,2.00,0.0005
tanisha,2.00,0.0005
sher,2.00,0.0005
blue,2.00,0.0005
chinaza,2.00,0.0005
hicks,2.00,0.0005
djr,2.00,0.0005
marie,2.00,0.0005
lamont,2.00,0.0005
2289,2.00,0.0005
0814,2.00,0.0005
11378,2.00,0.0005
1029,2.00,0.0005
144,2.00,0.0005
8403,2.00,0.0005
979,2.00,0.0005
sabina,2.00,0.0005
janine,2.00,0.0005
1954,2.00,0.0005
reaper,2.00,0.0005
2222,2.00,0.0005
jazz,2.00,0.0005
bella,2.00,0.0005
1001,2.00,0.0005
1776,2.00,0.0005
bryan,2.00,0.0005
0724,2.00,0.0005
1189,2.00,0.0005
2046,2.00,0.0005
nichols,2.00,0.0005
2244,2.00,0.0005
265,2.00,0.0005
scooter,2.00,0.0005
2g,2.00,0.0005
176,2.00,0.0005
737,2.00,0.0005
870,2.00,0.0005
ellen,2.00,0.0005
2705,2.00,0.0005
379,2.00,0.0005
karla,2.00,0.0005
brandi,2.00,0.0005
2411,2.00,0.0005
3993,2.00,0.0005
451,2.00,0.0005
sm,2.00,0.0005
jakeman,2.00,0.0005
2189,2.00,0.0005
chris,2.00,0.0005
may,2.00,0.0005
345,2.00,0.0005
1st,2.00,0.0005
0705,2.00,0.0005
kari,2.00,0.0005
curtis,2.00,0.0005
holly,2.00,0.0005
0308,2.00,0.0005
2132,2.00,0.0005
bobb,2.00,0.0005
epd,2.00,0.0005
028,2.00,0.0005
1116,2.00,0.0005
618,2.00,0.0005
giovanni,2.00,0.0005
maxine,2.00,0.0005
it,2.00,0.0005
gavin,2.00,0.0005
501,2.00,0.0005
334,2.00,0.0005
carmen,2.00,0.0005
kapoor,2.00,0.0005
tasha,2.00,0.0005
smiley,2.00,0.0005
nina,2.00,0.0005
380,2.00,0.0005
islpr,2.00,0.0005
tarun,2.00,0.0005
andres,2.00,0.0005
242,2.00,0.0005
700,2.00,0.0005
1947,2.00,0.0005
renee,2.00,0.0005
331,2.00,0.0005
lemon,2.00,0.0005
alaa,2.00,0.0005
1717,2.00,0.0005
scotty,2.00,0.0005
madhan,2.00,0.0005
bailey,2.00,0.0005
catdog,2.00,0.0005
335,2.00,0.0005
reggie,2.00,0.0005
vishwas,2.00,0.0005
geri,2.00,0.0005
don,2.00,0.0005
nikki,2.00,0.0005
cowboy,2.00,0.0005
7273,2.00,0.0005
1105,2.00,0.0005
patrick,2.00,0.0005
martha,2.00,0.0005
1515,2.00,0.0005
nccu,2.00,0.0005
gage,2.00,0.0005
568,2.00,0.0005
463,2.00,0.0005
monu,2.00,0.0005
kristina,2.00,0.0005
sales,2.00,0.0005
1309,2.00,0.0005
connie,2.00,0.0005
289,2.00,0.0005
boswell,2.00,0.0005
4184,2.00,0.0005
rocker,2.00,0.0005
vincent,2.00,0.0005
namemedia,2.00,0.0005
sudhir,2.00,0.0005
msa,2.00,0.0005
amit,2.00,0.0005
928,2.00,0.0005
9873,2.00,0.0005
texas,2.00,0.0005
sas,2.00,0.0005
2169,2.00,0.0005
sexy,2.00,0.0005
booper,2.00,0.0005
2327,2.00,0.0005
felicia,2.00,0.0005
quentin,2.00,0.0005
jessa,2.00,0.0005
joker,2.00,0.0005
172,2.00,0.0005
2011,2.00,0.0005
288,2.00,0.0005
sam,2.00,0.0005
fred,2.00,0.0005
cyber,2.00,0.0005
1011,2.00,0.0005
prashant,2.00,0.0005
901,2.00,0.0005
bless,2.00,0.0005
ryan,2.00,0.0005
1022,2.00,0.0005
atlas,2.00,0.0005
watts,2.00,0.0005
22507,2.00,0.0005
rene,2.00,0.0005
1206,2.00,0.0005
devon,2.00,0.0005
kristin,2.00,0.0005
jared,2.00,0.0005
kas,2.00,0.0005
cooper,2.00,0.0005
1405,2.00,0.0005
fadapow21,2.00,0.0005
1115,2.00,0.0005
brandie,2.00,0.0005
1919,2.00,0.0005
can,2.00,0.0005
1317,2.00,0.0005
shukla,2.00,0.0005
1949,2.00,0.0005
lucia,2.00,0.0005
519,2.00,0.0005
eagle,2.00,0.0005
ramesh,2.00,0.0005
377,2.00,0.0005
jumper,2.00,0.0005
xanthos,2.00,0.0005
jg,2.00,0.0005
899,2.00,0.0005
chad,2.00,0.0005
906,2.00,0.0005
outremere,2.00,0.0005
jknridge,2.00,0.0005
uwec,2.00,0.0005
angela,2.00,0.0005
842,2.00,0.0005
246,2.00,0.0005
sb,2.00,0.0005
719,2.00,0.0005
2979,2.00,0.0005
jonathan,2.00,0.0005
williamson,2.00,0.0005
vipul,2.00,0.0005
brenda,2.00,0.0005
1237,2.00,0.0005
techie,2.00,0.0005
kaushik,2.00,0.0005
jackie,2.00,0.0005
171,2.00,0.0005
naresh,2.00,0.0005
1121,2.00,0.0005
win,2.00,0.0005
retard,2.00,0.0005
peoples,2.00,0.0005
162,2.00,0.0005
642,2.00,0.0005
1360,2.00,0.0005
silent,2.00,0.0005
1247,2.00,0.0005
erika,2.00,0.0005
number,2.00,0.0005
lonta7805,2.00,0.0005
lonta,2.00,0.0005
7805,2.00,0.0005
633,2.00,0.0005
blitz,2.00,0.0005
dale,2.00,0.0005
9292,2.00,0.0005
3734,2.00,0.0005
cas,2.00,0.0005
1415,2.00,0.0005
go,2.00,0.0005
giaquang,2.00,0.0005
cj,2.00,0.0005
gopal,2.00,0.0005
tec,2.00,0.0005
206,2.00,0.0005
yk,2.00,0.0005
1965,2.00,0.0005
702,2.00,0.0005
zhang,2.00,0.0005
1995,2.00,0.0005
2378,2.00,0.0005
th,2.00,0.0005
3512,2.00,0.0005
green,2.00,0.0005
arzelle,2.00,0.0005
1026,2.00,0.0005
shiloh,2.00,0.0005
0103,2.00,0.0005
caro,2.00,0.0005
dina,2.00,0.0005
sandy,2.00,0.0005
homer,2.00,0.0005
1511,2.00,0.0005
mazuki,2.00,0.0005
asif,2.00,0.0005
ma,2.00,0.0005
9874,2.00,0.0005
nohiko,2.00,0.0005
6554,2.00,0.0005
eeyore,2.00,0.0005
ortiz,2.00,0.0005
137,2.00,0.0005
955,2.00,0.0005
1570,2.00,0.0005
115,2.00,0.0005
ishack,2.00,0.0005
1138,2.00,0.0005
1210,2.00,0.0005
summer,2.00,0.0005
albert,2.00,0.0005
harris,2.00,0.0005
saswat,2.00,0.0005
575,2.00,0.0005
2323,2.00,0.0005
1357,2.00,0.0005
frank,2.00,0.0005
mimosa,2.00,0.0005
emma,2.00,0.0005
mine,2.00,0.0005
559,2.00,0.0005
richardson,2.00,0.0005
jimmy,2.00,0.0005
danish,2.00,0.0005
vinita,2.00,0.0005
gardzjes,2.00,0.0005
0829,2.00,0.0005
356,2.00,0.0005
renuka,2.00,0.0005
890,2.00,0.0005
1265,2.00,0.0005
sandra,2.00,0.0005
173,2.00,0.0005
roy,2.00,0.0005
tim,2.00,0.0005
davis,2.00,0.0005
trish,2.00,0.0005
nelutu,2.00,0.0005
tombass,2.00,0.0005
janet,2.00,0.0005
nagamas,2.00,0.0005
1266,2.00,0.0005
audrius,2.00,0.0005
ray,2.00,0.0005
ash,2.00,0.0005
level,2.00,0.0005
stuart,2.00,0.0005
mikel,2.00,0.0005
ike,2.00,0.0005
972,2.00,0.0005
82259,2.00,0.0005
0410,2.00,0.0005
roshan,2.00,0.0005
basheer,2.00,0.0005
mdf,2.00,0.0005
730,2.00,0.0005
kennedy,2.00,0.0005
dinesh,2.00,0.0005
maddox,2.00,0.0005
251,2.00,0.0005
0r,2.00,0.0005
khalid,2.00,0.0005
dolphins,2.00,0.0005
2389,2.00,0.0005
bubba,2.00,0.0005
0912,2.00,0.0005
jbomb,2.00,0.0005
ramos,2.00,0.0005
jose,2.00,0.0005
findanyfloor,2.00,0.0005
badri,2.00,0.0005
5678,2.00,0.0005
904,2.00,0.0005
bappa,2.00,0.0005
680,2.00,0.0005
online,2.00,0.0005
kat,2.00,0.0005
unitek,2.00,0.0005
529,2.00,0.0005
mitch,2.00,0.0005
1288,2.00,0.0005
462,2.00,0.0005
734,2.00,0.0005
587,2.00,0.0005
cm,2.00,0.0005
antiage,2.00,0.0005
leon,2.00,0.0005
290,2.00,0.0005
artur,2.00,0.0005
mishell,2.00,0.0005
ice,2.00,0.0005
0823,2.00,0.0005
donner,2.00,0.0005
1107,2.00,0.0005
andrewreynolds,2.00,0.0005
2903,2.00,0.0005
455,2.00,0.0005
abidemi,2.00,0.0005
mahesh,2.00,0.0005
sha,2.00,0.0005
1124,2.00,0.0005
dbon,2.00,0.0005
121191,2.00,0.0005
2040,2.00,0.0005
aldoyunus,2.00,0.0005
nick,2.00,0.0005
2290,2.00,0.0005
jan,2.00,0.0005
1569,2.00,0.0005
0709,2.00,0.0005
thortona,2.00,0.0005
tmanruns,2.00,0.0005
deepika,2.00,0.0005
5670,2.00,0.0005
socialmedia,2.00,0.0005
kre,2.00,0.0005
cristina,2.00,0.0005
7259,2.00,0.0005
cahwangun,2.00,0.0005
wljn,2.00,0.0005
rusty,2.00,0.0005
akash,2.00,0.0005
damoche,2.00,0.0005
ana,2.00,0.0005
gardunbr,2.00,0.0005
564,2.00,0.0005
qwe,2.00,0.0005
72001,2.00,0.0005
1385,2.00,0.0005
majinc,2.00,0.0005
337,2.00,0.0005
redz,2.00,0.0005
1106,2.00,0.0005
1230,2.00,0.0005
jenincs,2.00,0.0005
photo,2.00,0.0005
flygon,2.00,0.0005
satya,2.00,0.0005
1021,2.00,0.0005
moledina,2.00,0.0005
sandi,2.00,0.0005
music,2.00,0.0005
marian,2.00,0.0005
782,2.00,0.0005
jain,2.00,0.0005
8r,2.00,0.0005
22214,2.00,0.0005
22173,2.00,0.0005
neji,2.00,0.0005
nitin,2.00,0.0005
bc,2.00,0.0005
lindsay,2.00,0.0005
king,2.00,0.0005
0718,2.00,0.0005
800,2.00,0.0005
autumn,2.00,0.0005
cab,2.00,0.0005
1823,2.00,0.0005
bill,2.00,0.0005
hajoub,2.00,0.0005
bharath,2.00,0.0005
andy,2.00,0.0005
2109,2.00,0.0005
069,2.00,0.0005
2121,2.00,0.0005
momoh,2.00,0.0005
wijmenga,2.00,0.0005
kiko,2.00,0.0005
4760,2.00,0.0005
mueller,2.00,0.0005
kayak,2.00,0.0005
1280,1.50,0.0003
416,1.50,0.0003
140,1.50,0.0003
1800,1.50,0.0003
shari,1.50,0.0003
ab,1.50,0.0003
602,1.50,0.0003
potts,1.50,0.0003
jenna,1.50,0.0003
anne,1.50,0.0003
1006,1.50,0.0003
1157,1.50,0.0003
1953,1.50,0.0003
nichole,1.50,0.0003
236,1.50,0.0003
828,1.50,0.0003
2b,1.50,0.0003
dd,1.50,0.0003
710,1.50,0.0003
stewart,1.50,0.0003
0729,1.50,0.0003
373,1.50,0.0003
articles,1.50,0.0003
1220,1.50,0.0003
blade,1.50,0.0003
429,1.50,0.0003
dwood,1.50,0.0003
324,1.50,0.0003
eu,1.50,0.0003
jesse,1.50,0.0003
1331,1.50,0.0003
bb,1.50,0.0003
823,1.50,0.0003
charter,1.50,0.0003
168,1.50,0.0003
371,1.50,0.0003
6,1.50,0.0003
945,1.50,0.0003
740,1.50,0.0003
rocco,1.50,0.0003
508,1.50,0.0003
smith,1.50,0.0003
030,1.50,0.0003
roberts,1.50,0.0003
lm,1.50,0.0003
phil,1.50,0.0003
dolly,1.50,0.0003
0077,1.50,0.0003
298,1.50,0.0003
4les,1.50,0.0003
ks,1.50,0.0003
juan,1.50,0.0003
sid,1.50,0.0003
yoga,1.50,0.0003
hunt,1.50,0.0003
matthew,1.50,0.0003
es,1.50,0.0003
fg,1.50,0.0003
young,1.50,0.0003
830,1.50,0.0003
0312,1.50,0.0003
sami,1.50,0.0003
writer,1.50,0.0003
tj,1.50,0.0003
586,1.50,0.0003
nyu,1.50,0.0003
165,1.50,0.0003
alyssa,1.50,0.0003
jen,1.50,0.0003
033,1.50,0.0003
ta,1.50,0.0003
208,1.50,0.0003
1394,1.50,0.0003
mjm,1.50,0.0003
shorty,1.50,0.0003
3b,1.50,0.0003
beth,1.50,0.0003
roberto,1.50,0.0003
1003,1.50,0.0003
tash,1.50,0.0003
todd,1.50,0.0003
6391,1.50,0.0003
aditya,1.50,0.0003
kj,1.50,0.0003
sanjay,1.50,0.0003
san,1.50,0.0003
0302,1.50,0.0003
jodi,1.50,0.0003
pam,1.50,0.0003
babe,1.50,0.0003
rk,1.50,0.0003
ty,1.50,0.0003
1431,1.50,0.0003
christine,1.50,0.0003
2415,1.50,0.0003
1777,1.50,0.0003
sp,1.50,0.0003
smw,1.50,0.0003
900,1.50,0.0003
fi,1.50,0.0003
bd,1.50,0.0003
913,1.50,0.0003
440,1.50,0.0003
maus,1.50,0.0003
191,1.50,0.0003
jade,1.50,0.0003
amine,1.50,0.0003
375,1.50,0.0003
ruth,1.50,0.0003
004,1.50,0.0003
cmd,1.50,0.0003
lynne,1.50,0.0003
880,1.50,0.0003
kl,1.50,0.0003
anna,1.50,0.0003
576,1.50,0.0003
gl,1.50,0.0003
mishra,1.50,0.0003
ben,1.50,0.0003
knight,1.50,0.0003
238,1.50,0.0003
sa,1.50,0.0003
dl,1.50,0.0003
dec,1.50,0.0003
816,1.50,0.0003
306,1.50,0.0003
075,1.50,0.0003
300,1.50,0.0003
1958,1.50,0.0003
231,1.50,0.0003
487,1.50,0.0003
chantal,1.50,0.0003
088,1.50,0.0003
511,1.50,0.0003
hassan,1.50,0.0003
eric,1.50,0.0003
chase,1.50,0.0003
mario,1.50,0.0003
ann,1.50,0.0003
803,1.50,0.0003
1101,1.50,0.0003
1x,1.50,0.0003
414,1.50,0.0003
3a,1.50,0.0003
1ne,1.50,0.0003
alvin,1.50,0.0003
956,1.50,0.0003
0423,1.50,0.0003
jtp,1.50,0.0003
518,1.50,0.0003
mrvanc,1.50,0.0003
401,1.50,0.0003
2o,1.50,0.0003
alexandra,1.50,0.0003
3r,1.50,0.0003
2850,1.50,0.0003
rice,1.50,0.0003
shail,1.50,0.0003
rick,1.50,0.0003
boy,1.50,0.0003
cat,1.50,0.0003
hawk,1.50,0.0003
ec,1.50,0.0003
03047,1.50,0.0003
269,1.50,0.0003
3k,1.50,0.0003
gm,1.50,0.0003
nandini,1.50,0.0003
bdm,1.50,0.0003
ak,1.50,0.0003
0116,1.50,0.0003
gc,1.50,0.0003
js,1.50,0.0003
355,1.50,0.0003
cassie,1.50,0.0003
469,1.50,0.0003
bhaskar,1.50,0.0003
852,1.50,0.0003
ce,1.50,0.0003
1232,1.50,0.0003
1923,1.50,0.0003
578,1.50,0.0003
ru,1.50,0.0003
367,1.50,0.0003
hk,1.50,0.0003
cody,1.50,0.0003
kate,1.50,0.0003
adams,1.50,0.0003
an,1.50,0.0003
jm,1.50,0.0003
249,1.50,0.0003
766,1.50,0.0003
958,1.50,0.0003
philip,1.50,0.0003
394,1.50,0.0003
chaileir,1.50,0.0003
kyle,1.50,0.0003
nel,1.50,0.0003
vaughan,1.50,0.0003
393,1.50,0.0003
brady,1.50,0.0003
bobby,1.50,0.0003
7979,1.50,0.0003
0123,1.50,0.0003
016,1.50,0.0003
3edc,1.50,0.0003
il,1.50,0.0003
stella,1.50,0.0003
amm,1.50,0.0003
2600,1.50,0.0003
0530,1.50,0.0003
pr,1.50,0.0003
ya,1.50,0.0003
153,1.50,0.0003
822,1.50,0.0003
taz,1.50,0.0003
7269,1.50,0.0003
danny,1.50,0.0003
el,1.50,0.0003
148,1.50,0.0003
keith,1.50,0.0003
114,1.50,0.0003
284,1.50,0.0003
495,1.50,0.0003
51992,1.50,0.0003
1994,1.50,0.0003
jk,1.50,0.0003
how,1.50,0.0003
384,1.50,0.0003
1910,1.50,0.0003
kane,1.50,0.0003
ha,1.50,0.0003
za,1.50,0.0003
mn,1.50,0.0003
%i,1.00,0.0002
steveol,1.00,0.0002
chotzi,1.00,0.0002
2512,1.00,0.0002
lb2512,1.00,0.0002
lb,1.00,0.0002
mekola,1.00,0.0002
sassy,1.00,0.0002
ldeon,1.00,0.0002
demo,1.00,0.0002
sarwar90034,1.00,0.0002
sarwar,1.00,0.0002
90034,1.00,0.0002
jbmeow,1.00,0.0002
gschwaid,1.00,0.0002
5168,1.00,0.0002
8868,1.00,0.0002
krp,1.00,0.0002
jessie,1.00,0.0002
brianmakely,1.00,0.0002
boomer,1.00,0.0002
blimey,1.00,0.0002
ochlich,1.00,0.0002
lulu,1.00,0.0002
akatsoufis,1.00,0.0002
umwalid,1.00,0.0002
wednesday,1.00,0.0002
eklbc,1.00,0.0002
michellemizal,1.00,0.0002
mayilly,1.00,0.0002
patches,1.00,0.0002
joannavaughn,1.00,0.0002
wattoo,1.00,0.0002
monet,1.00,0.0002
kev2012,1.00,0.0002
wordlogix,1.00,0.0002
opus,1.00,0.0002
opus30,1.00,0.0002
beejeepers,1.00,0.0002
moose1980,1.00,0.0002
hperry,1.00,0.0002
eberry,1.00,0.0002
tomas,1.00,0.0002
hooligan,1.00,0.0002
jenjim,1.00,0.0002
jenjim24,1.00,0.0002
jessicaness,1.00,0.0002
fpatrum,1.00,0.0002
carlin,1.00,0.0002
cardmsg,1.00,0.0002
deepsixdave,1.00,0.0002
deriese,1.00,0.0002
mollybench,1.00,0.0002
5655,1.00,0.0002
prncssmn,1.00,0.0002
prncssmn7,1.00,0.0002
mcaughtry,1.00,0.0002
talyre,1.00,0.0002
nolacail,1.00,0.0002
3030,1.00,0.0002
rejoue,1.00,0.0002
0603,1.00,0.0002
ekn0603,1.00,0.0002
ekn,1.00,0.0002
sidik,1.00,0.0002
lindaf,1.00,0.0002
itaca,1.00,0.0002
itaca72,1.00,0.0002
andeana,1.00,0.0002
lrlopez,1.00,0.0002
stick,1.00,0.0002
kgf,1.00,0.0002
751,1.00,0.0002
teccomix,1.00,0.0002
bhavsar,1.00,0.0002
boomink,1.00,0.0002
sonism,1.00,0.0002
wtcqd,1.00,0.0002
coco24,1.00,0.0002
baddog,1.00,0.0002
0487,1.00,0.0002
rgjte,1.00,0.0002
brandy,1.00,0.0002
rook,1.00,0.0002
torconsult,1.00,0.0002
winslow,1.00,0.0002
rwilson,1.00,0.0002
franschaper,1.00,0.0002
digsville,1.00,0.0002
debchakra,1.00,0.0002
128317,1.00,0.0002
zerbe,1.00,0.0002
mejeff,1.00,0.0002
aorowe,1.00,0.0002
cpsabuse,1.00,0.0002
gracedetroit,1.00,0.0002
attributor,1.00,0.0002
agnalus,1.00,0.0002
harles,1.00,0.0002
thebomb,1.00,0.0002
jensyd,1.00,0.0002
budo,1.00,0.0002
donny,1.00,0.0002
novosoft,1.00,0.0002
2293,1.00,0.0002
mkjet,1.00,0.0002
daveh,1.00,0.0002
makanda,1.00,0.0002
ratan,1.00,0.0002
humpy,1.00,0.0002
johnmeyermedia,1.00,0.0002
sajimp,1.00,0.0002
chatterjee,1.00,0.0002
sanjose,1.00,0.0002
veramar,1.00,0.0002
daisyemd,1.00,0.0002
2hunter,1.00,0.0002
suzy,1.00,0.0002
theodora,1.00,0.0002
radomarz,1.00,0.0002
sof,1.00,0.0002
ledger,1.00,0.0002
btjoejoe,1.00,0.0002
luthien,1.00,0.0002
mixpix,1.00,0.0002
vijay,1.00,0.0002
zally,1.00,0.0002
srabanis,1.00,0.0002
timberdan,1.00,0.0002
nozart,1.00,0.0002
robdani1997,1.00,0.0002
robdani,1.00,0.0002
rayeal,1.00,0.0002
kimsti,1.00,0.0002
atnbds,1.00,0.0002
naomi,1.00,0.0002
veaney,1.00,0.0002
iobehmom,1.00,0.0002
starsystem,1.00,0.0002
sabah,1.00,0.0002
nodarsej,1.00,0.0002
jbaker,1.00,0.0002
3987,1.00,0.0002
frannick,1.00,0.0002
kiffani,1.00,0.0002
hm,1.00,0.0002
collie,1.00,0.0002
4au,1.00,0.0002
rm4au34,1.00,0.0002
shellioli,1.00,0.0002
ivan,1.00,0.0002
6598,1.00,0.0002
manihi,1.00,0.0002
shockney,1.00,0.0002
kendrumm,1.00,0.0002
cdools,1.00,0.0002
boweeb,1.00,0.0002
charlie,1.00,0.0002
shikha,1.00,0.0002
vickib,1.00,0.0002
bilantos,1.00,0.0002
debroy,1.00,0.0002
debroy13,1.00,0.0002
koenig,1.00,0.0002
sharman,1.00,0.0002
phoebe,1.00,0.0002
madrox,1.00,0.0002
epochtimes,1.00,0.0002
sumana,1.00,0.0002
anweshak,1.00,0.0002
kimeshaj,1.00,0.0002
8ful,1.00,0.0002
npf,1.00,0.0002
jdsckdak,1.00,0.0002
ketcre,1.00,0.0002
28705,1.00,0.0002
hometown,1.00,0.0002
lixa,1.00,0.0002
justthe,1.00,0.0002
2ofus,1.00,0.0002
gofishing,1.00,0.0002
tuklu19,1.00,0.0002
tuklu,1.00,0.0002
meliara80,1.00,0.0002
meliara,1.00,0.0002
ilovemahua,1.00,0.0002
yiu,1.00,0.0002
nolt,1.00,0.0002
westfamily,1.00,0.0002
marco,1.00,0.0002
iamplify,1.00,0.0002
lewispr,1.00,0.0002
132,1.00,0.0002
kanandi,1.00,0.0002
johnston,1.00,0.0002
taxrice,1.00,0.0002
tanoosh,1.00,0.0002
barbara,1.00,0.0002
sodaboy,1.00,0.0002
tpennetta,1.00,0.0002
svidern,1.00,0.0002
shedevil,1.00,0.0002
shedevil58,1.00,0.0002
shebee,1.00,0.0002
theshadow,1.00,0.0002
1914,1.00,0.0002
suzannta,1.00,0.0002
diboyd,1.00,0.0002
disney,1.00,0.0002
sifr,1.00,0.0002
4008,1.00,0.0002
cherjohn,1.00,0.0002
cherjohn4,1.00,0.0002
jha,1.00,0.0002
1369,1.00,0.0002
michlee7,1.00,0.0002
michlee,1.00,0.0002
danaeeb,1.00,0.0002
kaitlinn,1.00,0.0002
counsellor,1.00,0.0002
myduchess,1.00,0.0002
jtlegend,1.00,0.0002
ngk,1.00,0.0002
randy,1.00,0.0002
murff,1.00,0.0002
zboyx1414,1.00,0.0002
zboyx,1.00,0.0002
sabel,1.00,0.0002
scarico,1.00,0.0002
rohtakreporter,1.00,0.0002
390,1.00,0.0002
diva,1.00,0.0002
poleglass,1.00,0.0002
roxannepoling,1.00,0.0002
demos,1.00,0.0002
3115,1.00,0.0002
te,1.00,0.0002
eas,1.00,0.0002
britt,1.00,0.0002
stephe,1.00,0.0002
object,1.00,0.0002
object8,1.00,0.0002
djkowboy,1.00,0.0002
pak,1.00,0.0002
simeon,1.00,0.0002
simeon03,1.00,0.0002
lionheart,1.00,0.0002
lionheart23,1.00,0.0002
berd0016,1.00,0.0002
berd,1.00,0.0002
danaweb,1.00,0.0002
daphwho,1.00,0.0002
comsal,1.00,0.0002
tammi,1.00,0.0002
tracey,1.00,0.0002
psb,1.00,0.0002
captec,1.00,0.0002
godfather,1.00,0.0002
cysy,1.00,0.0002
jrtucker,1.00,0.0002
golf,1.00,0.0002
minkmink,1.00,0.0002
mandi,1.00,0.0002
68591,1.00,0.0002
scents,1.00,0.0002
revathi,1.00,0.0002
slantoflight,1.00,0.0002
slantoflight1,1.00,0.0002
meg8337,1.00,0.0002
8337,1.00,0.0002
shabogrp,1.00,0.0002
mounts,1.00,0.0002
peace,1.00,0.0002
lgiargiana,1.00,0.0002
stank,1.00,0.0002
jolan,1.00,0.0002
643,1.00,0.0002
mertjim,1.00,0.0002
jennabrock,1.00,0.0002
isis,1.00,0.0002
wyatt,1.00,0.0002
kasie,1.00,0.0002
babbsrn,1.00,0.0002
acute,1.00,0.0002
adele,1.00,0.0002
amyjogill,1.00,0.0002
ic,1.00,0.0002
usmanzali,1.00,0.0002
radl,1.00,0.0002
bomboozle,1.00,0.0002
touch,1.00,0.0002
bubbers,1.00,0.0002
oneglia,1.00,0.0002
blurp,1.00,0.0002
blurp16,1.00,0.0002
lulab,1.00,0.0002
bioch,1.00,0.0002
bioch150,1.00,0.0002
mscbell,1.00,0.0002
wallysound,1.00,0.0002
amymisha,1.00,0.0002
jmhren,1.00,0.0002
8105,1.00,0.0002
3377,1.00,0.0002
dahniecia,1.00,0.0002
rumbero,1.00,0.0002
cristy,1.00,0.0002
frances,1.00,0.0002
4o,1.00,0.0002
breezy4o,1.00,0.0002
breezy,1.00,0.0002
orla,1.00,0.0002
mrobbo,1.00,0.0002
mrobbo887,1.00,0.0002
eag,1.00,0.0002
eag235,1.00,0.0002
jaimee,1.00,0.0002
timmons,1.00,0.0002
tamigo,1.00,0.0002
myfree,1.00,0.0002
staci,1.00,0.0002
rintintin,1.00,0.0002
service,1.00,0.0002
1820,1.00,0.0002
miranda,1.00,0.0002
pxybug,1.00,0.0002
gjohnson5622,1.00,0.0002
5622,1.00,0.0002
gjohnson,1.00,0.0002
lpaulsen,1.00,0.0002
1951,1.00,0.0002
8032,1.00,0.0002
zasoza,1.00,0.0002
75001,1.00,0.0002
bandbo,1.00,0.0002
petra,1.00,0.0002
kirby,1.00,0.0002
parthesh,1.00,0.0002
tamela,1.00,0.0002
nm,1.00,0.0002
asanchez,1.00,0.0002
rathi,1.00,0.0002
tastyblend,1.00,0.0002
tynika,1.00,0.0002
bessnet,1.00,0.0002
zirete,1.00,0.0002
tita,1.00,0.0002
1826,1.00,0.0002
lexmark,1.00,0.0002
bishop,1.00,0.0002
janelang,1.00,0.0002
2poohs,1.00,0.0002
fancee,1.00,0.0002
stlouis,1.00,0.0002
geoff,1.00,0.0002
elsewhen,1.00,0.0002
4205,1.00,0.0002
angenda,1.00,0.0002
doct1400,1.00,0.0002
doct,1.00,0.0002
batguys,1.00,0.0002
gcpmusic,1.00,0.0002
johnrobinm,1.00,0.0002
softrax,1.00,0.0002
blackfrog,1.00,0.0002
kinkellyelectronics,1.00,0.0002
6084681,1.00,0.0002
ms6084681,1.00,0.0002
44944,1.00,0.0002
9197,1.00,0.0002
jamaica,1.00,0.0002
shekar,1.00,0.0002
justine,1.00,0.0002
trouble,1.00,0.0002
nissan1223,1.00,0.0002
aabk,1.00,0.0002
aabk2003,1.00,0.0002
ronda,1.00,0.0002
ronda18,1.00,0.0002
braycoch,1.00,0.0002
9626,1.00,0.0002
hajera,1.00,0.0002
starbell,1.00,0.0002
anjrhitched,1.00,0.0002
rweber,1.00,0.0002
logger,1.00,0.0002
ttc,1.00,0.0002
suswato,1.00,0.0002
plumwish,1.00,0.0002
plumwish07,1.00,0.0002
taruha,1.00,0.0002
pitt,1.00,0.0002
vishal,1.00,0.0002
vishal_pitt,1.00,0.0002
damo,1.00,0.0002
2786,1.00,0.0002
cawhitlock,1.00,0.0002
changezi,1.00,0.0002
517,1.00,0.0002
kzhu,1.00,0.0002
jmagaldino,1.00,0.0002
3287,1.00,0.0002
adsissy,1.00,0.0002
fitspecs,1.00,0.0002
brunjes,1.00,0.0002
dlpritch,1.00,0.0002
samson,1.00,0.0002
calames,1.00,0.0002
laquint,1.00,0.0002
larkspur,1.00,0.0002
morena,1.00,0.0002
091,1.00,0.0002
dougralf,1.00,0.0002
ruay,1.00,0.0002
kellyhale,1.00,0.0002
olazaran,1.00,0.0002
bsrzi,1.00,0.0002
2232,1.00,0.0002
0128,1.00,0.0002
conno,1.00,0.0002
1334,1.00,0.0002
wahoo65cavs,1.00,0.0002
cavs,1.00,0.0002
wahoo,1.00,0.0002
paulpaul,1.00,0.0002
webber,1.00,0.0002
zote,1.00,0.0002
guerillapr,1.00,0.0002
11211,1.00,0.0002
firstrain,1.00,0.0002
brenton,1.00,0.0002
dheeraj,1.00,0.0002
spig,1.00,0.0002
kortni,1.00,0.0002
lilmsmooody,1.00,0.0002
3237,1.00,0.0002
saggu,1.00,0.0002
wiccababy2000,1.00,0.0002
wiccababy,1.00,0.0002
0p,1.00,0.0002
sebin,1.00,0.0002
rachus,1.00,0.0002
burke,1.00,0.0002
sdeleo,1.00,0.0002
grymss,1.00,0.0002
blazerc123,1.00,0.0002
blazerc,1.00,0.0002
freyja,1.00,0.0002
alyse,1.00,0.0002
1163,1.00,0.0002
dip,1.00,0.0002
sunflower,1.00,0.0002
pumpkinpie,1.00,0.0002
boranloyal,1.00,0.0002
3700,1.00,0.0002
4198,1.00,0.0002
2456,1.00,0.0002
bri,1.00,0.0002
454647,1.00,0.0002
xstaticpr,1.00,0.0002
3363,1.00,0.0002
favrd1,1.00,0.0002
favrd,1.00,0.0002
dimdig,1.00,0.0002
smoothy,1.00,0.0002
140916,1.00,0.0002
wordcom,1.00,0.0002
yukie,1.00,0.0002
yukie4me,1.00,0.0002
anakin,1.00,0.0002
kavita,1.00,0.0002
macss,1.00,0.0002
22321,1.00,0.0002
shobha,1.00,0.0002
352,1.00,0.0002
brittanybreaks,1.00,0.0002
batman,1.00,0.0002
marycath,1.00,0.0002
noaqam,1.00,0.0002
0110,1.00,0.0002
laqua,1.00,0.0002
wilsonmg,1.00,0.0002
flo,1.00,0.0002
ga,1.00,0.0002
javier,1.00,0.0002
arunabadre,1.00,0.0002
joander,1.00,0.0002
616,1.00,0.0002
fender099,1.00,0.0002
fender,1.00,0.0002
volcan,1.00,0.0002
9454,1.00,0.0002
juandoe,1.00,0.0002
336,1.00,0.0002
rajuell,1.00,0.0002
marice,1.00,0.0002
caradine,1.00,0.0002
myfuzzy,1.00,0.0002
bowe,1.00,0.0002
corie,1.00,0.0002
outside,1.00,0.0002
macasaet,1.00,0.0002
82802,1.00,0.0002
4given,1.00,0.0002
epmd,1.00,0.0002
alicia,1.00,0.0002
brandopolis,1.00,0.0002
3100,1.00,0.0002
augie,1.00,0.0002
bigmac,1.00,0.0002
mcfame,1.00,0.0002
3009,1.00,0.0002
pennenberg,1.00,0.0002
44128,1.00,0.0002
marierobertson,1.00,0.0002
merrin,1.00,0.0002
53183,1.00,0.0002
mp53183,1.00,0.0002
magesh,1.00,0.0002
gwilly,1.00,0.0002
lv,1.00,0.0002
gambling,1.00,0.0002
cuhfs,1.00,0.0002
ashvin,1.00,0.0002
diogo,1.00,0.0002
raghav,1.00,0.0002
fresh,1.00,0.0002
1707,1.00,0.0002
496,1.00,0.0002
3162,1.00,0.0002
477,1.00,0.0002
caronya,1.00,0.0002
meldaw,1.00,0.0002
meldaw95,1.00,0.0002
jakelee,1.00,0.0002
5515,1.00,0.0002
notorious,1.00,0.0002
feinx,1.00,0.0002
jaelma,1.00,0.0002
tilang,1.00,0.0002
trey,1.00,0.0002
path,1.00,0.0002
shonta,1.00,0.0002
7941,1.00,0.0002
0133,1.00,0.0002
2045,1.00,0.0002
9923,1.00,0.0002
walter,1.00,0.0002
fausty,1.00,0.0002
gail,1.00,0.0002
gutierrez,1.00,0.0002
maths,1.00,0.0002
ill,1.00,0.0002
realestateexpress,1.00,0.0002
salazar,1.00,0.0002
jambo,1.00,0.0002
chrispeck,1.00,0.0002
cascogirl,1.00,0.0002
casadia,1.00,0.0002
towson,1.00,0.0002
denise612,1.00,0.0002
daneja,1.00,0.0002
nifty,1.00,0.0002
besneevly,1.00,0.0002
triangleus,1.00,0.0002
spearfish,1.00,0.0002
theoden,1.00,0.0002
marooncar,1.00,0.0002
0605,1.00,0.0002
lilsolo,1.00,0.0002
lilsolo91,1.00,0.0002
sanduni,1.00,0.0002
fenix,1.00,0.0002
hurley,1.00,0.0002
luna,1.00,0.0002
jz,1.00,0.0002
banzbeez,1.00,0.0002
132527,1.00,0.0002
kylerust,1.00,0.0002
0429,1.00,0.0002
1161,1.00,0.0002
dancer,1.00,0.0002
deanna,1.00,0.0002
phitlee,1.00,0.0002
cdp,1.00,0.0002
mamamia,1.00,0.0002
ghost,1.00,0.0002
hawaii,1.00,0.0002
liwaywayc,1.00,0.0002
jbgal,1.00,0.0002
ondaset,1.00,0.0002
8195,1.00,0.0002
kbrand01,1.00,0.0002
kbrand,1.00,0.0002
kimmybr,1.00,0.0002
meeracles,1.00,0.0002
voi,1.00,0.0002
zero,1.00,0.0002
1260,1.00,0.0002
pkcdt,1.00,0.0002
cs,1.00,0.0002
none,1.00,0.0002
6301,1.00,0.0002
nuvybe,1.00,0.0002
pnm,1.00,0.0002
fati,1.00,0.0002
9155,1.00,0.0002
mahendra,1.00,0.0002
evg,1.00,0.0002
evg103,1.00,0.0002
268,1.00,0.0002
banybany,1.00,0.0002
overkill,1.00,0.0002
suzycruz,1.00,0.0002
marymary,1.00,0.0002
166,1.00,0.0002
violet,1.00,0.0002
kagle,1.00,0.0002
red,1.00,0.0002
henry,1.00,0.0002
ceka,1.00,0.0002
feinequine,1.00,0.0002
ebenzoni,1.00,0.0002
kiaife,1.00,0.0002
jdcwlw,1.00,0.0002
kiki,1.00,0.0002
akarijai,1.00,0.0002
kriz,1.00,0.0002
0815,1.00,0.0002
8681,1.00,0.0002
408,1.00,0.0002
cherryred,1.00,0.0002
12546,1.00,0.0002
encanta,1.00,0.0002
petalac,1.00,0.0002
232,1.00,0.0002
mandie,1.00,0.0002
carroll,1.00,0.0002
kaiser,1.00,0.0002
victoria,1.00,0.0002
574,1.00,0.0002
rip2006,1.00,0.0002
rocky,1.00,0.0002
skip,1.00,0.0002
kdutter,1.00,0.0002
capper,1.00,0.0002
yolanda,1.00,0.0002
ladamion,1.00,0.0002
chains,1.00,0.0002
rachet,1.00,0.0002
jojo,1.00,0.0002
herwe,1.00,0.0002
gandhi,1.00,0.0002
cara,1.00,0.0002
9175,1.00,0.0002
cara9175,1.00,0.0002
assoccontent,1.00,0.0002
keshpot,1.00,0.0002
deblrd,1.00,0.0002
4xor,1.00,0.0002
dleake,1.00,0.0002
cari324,1.00,0.0002
cari,1.00,0.0002
45592,1.00,0.0002
stanford,1.00,0.0002
magnvs,1.00,0.0002
iverson,1.00,0.0002
renu,1.00,0.0002
nightwing,1.00,0.0002
britta,1.00,0.0002
raven,1.00,0.0002
0u,1.00,0.0002
madcat,1.00,0.0002
mesha,1.00,0.0002
medummadhuri,1.00,0.0002
smacke,1.00,0.0002
tx,1.00,0.0002
12989,1.00,0.0002
ssumpter2,1.00,0.0002
ssumpter,1.00,0.0002
41404,1.00,0.0002
noreen,1.00,0.0002
oceannotary,1.00,0.0002
maskmanmikep,1.00,0.0002
ahmeng,1.00,0.0002
ahmeng28,1.00,0.0002
30238,1.00,0.0002
eurico,1.00,0.0002
lvoza,1.00,0.0002
2043,1.00,0.0002
zw,1.00,0.0002
grizzly,1.00,0.0002
mathis,1.00,0.0002
njoycjoy,1.00,0.0002
amonga,1.00,0.0002
2717,1.00,0.0002
zayd,1.00,0.0002
thea,1.00,0.0002
nadia,1.00,0.0002
601,1.00,0.0002
adarsh,1.00,0.0002
medumlatha,1.00,0.0002
3ory,1.00,0.0002
gre3ory,1.00,0.0002
gre,1.00,0.0002
carle,1.00,0.0002
luckey,1.00,0.0002
bigbob,1.00,0.0002
nelly,1.00,0.0002
2130,1.00,0.0002
moonglade,1.00,0.0002
houdy,1.00,0.0002
sciline,1.00,0.0002
adrenalin,1.00,0.0002
shriganesh,1.00,0.0002
1320,1.00,0.0002
3591552,1.00,0.0002
zane3591552,1.00,0.0002
zane,1.00,0.0002
purdy,1.00,0.0002
cyndi,1.00,0.0002
eberlypr,1.00,0.0002
9554,1.00,0.0002
chanel,1.00,0.0002
55113,1.00,0.0002
9803,1.00,0.0002
matrix,1.00,0.0002
cheese,1.00,0.0002
airimus,1.00,0.0002
bretta,1.00,0.0002
mmavidad,1.00,0.0002
wings,1.00,0.0002
babyjun,1.00,0.0002
1066,1.00,0.0002
broo,1.00,0.0002
fassy,1.00,0.0002
trevasimpson,1.00,0.0002
youngstown,1.00,0.0002
airstern,1.00,0.0002
sher161296,1.00,0.0002
161296,1.00,0.0002
fuse,1.00,0.0002
callie,1.00,0.0002
jfranks,1.00,0.0002
bilal,1.00,0.0002
whittb,1.00,0.0002
berrico,1.00,0.0002
kball00,1.00,0.0002
kball,1.00,0.0002
sbrim,1.00,0.0002
sbrim37,1.00,0.0002
authorblfowler,1.00,0.0002
carcone,1.00,0.0002
fluffytux,1.00,0.0002
9669,1.00,0.0002
akeisha,1.00,0.0002
4224130,1.00,0.0002
jeremus,1.00,0.0002
patty,1.00,0.0002
amensah,1.00,0.0002
jaime,1.00,0.0002
yvette,1.00,0.0002
hafidin,1.00,0.0002
kiseley,1.00,0.0002
kiseley04,1.00,0.0002
howard,1.00,0.0002
sorcha,1.00,0.0002
cinella,1.00,0.0002
mas,1.00,0.0002
sherjer,1.00,0.0002
katalyst,1.00,0.0002
denverrelo,1.00,0.0002
1071,1.00,0.0002
kkenbo,1.00,0.0002
amarie,1.00,0.0002
beligiri,1.00,0.0002
sandeep,1.00,0.0002
tekken23256,1.00,0.0002
tekken,1.00,0.0002
23256,1.00,0.0002
whitefam,1.00,0.0002
stthomas,1.00,0.0002
catwoman,1.00,0.0002
shinson,1.00,0.0002
econnolly,1.00,0.0002
dmlsign,1.00,0.0002
wener,1.00,0.0002
arkansas,1.00,0.0002
arkansas86,1.00,0.0002
poetry,1.00,0.0002
quimbalas,1.00,0.0002
dutchevb,1.00,0.0002
nerve,1.00,0.0002
nikkib,1.00,0.0002
chintan,1.00,0.0002
pockets1,1.00,0.0002
pockets,1.00,0.0002
misssyt,1.00,0.0002
mela,1.00,0.0002
4286,1.00,0.0002
91179,1.00,0.0002
chillin,1.00,0.0002
staind,1.00,0.0002
laurence,1.00,0.0002
2968,1.00,0.0002
joseph,1.00,0.0002
noelle,1.00,0.0002
comantra,1.00,0.0002
melanie0814,1.00,0.0002
melanie,1.00,0.0002
rha,1.00,0.0002
danrad,1.00,0.0002
danrad23,1.00,0.0002
elliana,1.00,0.0002
moreno,1.00,0.0002
6623,1.00,0.0002
1justice,1.00,0.0002
pink,1.00,0.0002
kimshi,1.00,0.0002
jasonweschete,1.00,0.0002
jmd,1.00,0.0002
tamanna,1.00,0.0002
jenbored,1.00,0.0002
cjones,1.00,0.0002
2982,1.00,0.0002
bennie,1.00,0.0002
richmein,1.00,0.0002
bronze,1.00,0.0002
2120,1.00,0.0002
5254,1.00,0.0002
gesd5254,1.00,0.0002
gesd,1.00,0.0002
jwilli,1.00,0.0002
sprint,1.00,0.0002
rigger,1.00,0.0002
jaykaran,1.00,0.0002
pelt,1.00,0.0002
3176,1.00,0.0002
pelt3176,1.00,0.0002
cesario,1.00,0.0002
cesario1,1.00,0.0002
2626,1.00,0.0002
stacylynn,1.00,0.0002
kr,1.00,0.0002
landon,1.00,0.0002
motunrayo,1.00,0.0002
aurin,1.00,0.0002
aurin93,1.00,0.0002
720956,1.00,0.0002
biteme,1.00,0.0002
poeta,1.00,0.0002
cutey,1.00,0.0002
0329,1.00,0.0002
amalynn,1.00,0.0002
car,1.00,0.0002
mandel,1.00,0.0002
galslp,1.00,0.0002
asal22,1.00,0.0002
asal,1.00,0.0002
kellie,1.00,0.0002
maudebuffalo,1.00,0.0002
beli,1.00,0.0002
beli23,1.00,0.0002
cornastone,1.00,0.0002
herotness,1.00,0.0002
heidi,1.00,0.0002
mackloy,1.00,0.0002
trampoline,1.00,0.0002
willey,1.00,0.0002
weanswer,1.00,0.0002
psw6770,1.00,0.0002
psw,1.00,0.0002
6770,1.00,0.0002
meridyth,1.00,0.0002
0182,1.00,0.0002
610,1.00,0.0002
rita,1.00,0.0002
tammyr,1.00,0.0002
tammyr112,1.00,0.0002
67119,1.00,0.0002
trina,1.00,0.0002
manutdfc,1.00,0.0002
manutdfc13,1.00,0.0002
hersheys,1.00,0.0002
shimogi,1.00,0.0002
ritarod,1.00,0.0002
flaminscents,1.00,0.0002
spam,1.00,0.0002
jtre,1.00,0.0002
12272,1.00,0.0002
gemini,1.00,0.0002
1724,1.00,0.0002
parsons,1.00,0.0002
jwgio,1.00,0.0002
84120,1.00,0.0002
seobook,1.00,0.0002
tarheeljosh,1.00,0.0002
andymoni,1.00,0.0002
mecca,1.00,0.0002
brich,1.00,0.0002
kellymbash,1.00,0.0002
shweta,1.00,0.0002
toha,1.00,0.0002
karenvines,1.00,0.0002
edwards,1.00,0.0002
aloha,1.00,0.0002
jazz2222,1.00,0.0002
sconesj,1.00,0.0002
stevenson,1.00,0.0002
moelove,1.00,0.0002
mcrayeps,1.00,0.0002
thunda,1.00,0.0002
clpo,1.00,0.0002
1200,1.00,0.0002
swavey,1.00,0.0002
milledge,1.00,0.0002
effcu,1.00,0.0002
yc,1.00,0.0002
kiloinvegas,1.00,0.0002
susant,1.00,0.0002
jpsales,1.00,0.0002
jpsales2,1.00,0.0002
momo,1.00,0.0002
worship,1.00,0.0002
sparya,1.00,0.0002
fishnet,1.00,0.0002
inayah,1.00,0.0002
jeff-st,1.00,0.0002
amyjo,1.00,0.0002
prudolph,1.00,0.0002
prudolph5,1.00,0.0002
neetanair,1.00,0.0002
tubalkn,1.00,0.0002
caroline,1.00,0.0002
195,1.00,0.0002
1087,1.00,0.0002
auscar,1.00,0.0002
sonny,1.00,0.0002
darrie,1.00,0.0002
elboroom,1.00,0.0002
jalpa,1.00,0.0002
lizzie,1.00,0.0002
7078,1.00,0.0002
ahmer,1.00,0.0002
gregster,1.00,0.0002
gregster23,1.00,0.0002
qclnet,1.00,0.0002
jackiecl,1.00,0.0002
lianne,1.00,0.0002
sams,1.00,0.0002
936,1.00,0.0002
ebizcentral,1.00,0.0002
mrrogers,1.00,0.0002
kyamhe,1.00,0.0002
llrj,1.00,0.0002
golfnut,1.00,0.0002
ra,1.00,0.0002
rac60ca,1.00,0.0002
rac,1.00,0.0002
sakinlangto2,1.00,0.0002
sakinlangto,1.00,0.0002
dmg,1.00,0.0002
48708,1.00,0.0002
cloow,1.00,0.0002
8800,1.00,0.0002
bigcat,1.00,0.0002
bigcat2046,1.00,0.0002
rts,1.00,0.0002
rts1202,1.00,0.0002
twettie,1.00,0.0002
hamid,1.00,0.0002
larry-karin,1.00,0.0002
karin,1.00,0.0002
finley,1.00,0.0002
sad,1.00,0.0002
daytripper,1.00,0.0002
xmlsino,1.00,0.0002
xmlsino1gr8,1.00,0.0002
1gr,1.00,0.0002
lori1313,1.00,0.0002
lori,1.00,0.0002
042403,1.00,0.0002
svetik,1.00,0.0002
aamjaay,1.00,0.0002
maimone,1.00,0.0002
489,1.00,0.0002
jjg,1.00,0.0002
njspears,1.00,0.0002
shankins,1.00,0.0002
meeko,1.00,0.0002
rycho,1.00,0.0002
greenculture,1.00,0.0002
6180,1.00,0.0002
murphy,1.00,0.0002
845495,1.00,0.0002
lpr265,1.00,0.0002
lpr,1.00,0.0002
kidmoney,1.00,0.0002
111649,1.00,0.0002
aggie,1.00,0.0002
misslady,1.00,0.0002
558,1.00,0.0002
starfire558,1.00,0.0002
starfire,1.00,0.0002
wachilla,1.00,0.0002
mymy,1.00,0.0002
mymy9,1.00,0.0002
sweets,1.00,0.0002
nnsb75,1.00,0.0002
nnsb,1.00,0.0002
rullmar,1.00,0.0002
tetott,1.00,0.0002
sjsuarez,1.00,0.0002
mosaic,1.00,0.0002
0467,1.00,0.0002
1027,1.00,0.0002
sigment,1.00,0.0002
blavery25,1.00,0.0002
blavery,1.00,0.0002
sukhmani,1.00,0.0002
longthorn,1.00,0.0002
moore,1.00,0.0002
moore010,1.00,0.0002
andypurl,1.00,0.0002
48209,1.00,0.0002
jwd1964,1.00,0.0002
jwd,1.00,0.0002
splendra,1.00,0.0002
hernando,1.00,0.0002
2320,1.00,0.0002
miffy,1.00,0.0002
dineshcvc,1.00,0.0002
laneysaunt,1.00,0.0002
tyler,1.00,0.0002
nissa,1.00,0.0002
boggie,1.00,0.0002
spilleliz,1.00,0.0002
11032007,1.00,0.0002
bobtail,1.00,0.0002
leah,1.00,0.0002
whit,1.00,0.0002
whit22,1.00,0.0002
schiller,1.00,0.0002
ghmal,1.00,0.0002
usmc,1.00,0.0002
dalts85,1.00,0.0002
dalts,1.00,0.0002
rjleung,1.00,0.0002
sleestak187,1.00,0.0002
sleestak,1.00,0.0002
psycho,1.00,0.0002
dquickj,1.00,0.0002
95127,1.00,0.0002
jady,1.00,0.0002
jady33,1.00,0.0002
chawla,1.00,0.0002
kanjila,1.00,0.0002
ghetto,1.00,0.0002
onelove,1.00,0.0002
olesya,1.00,0.0002
star333,1.00,0.0002
01089,1.00,0.0002
919,1.00,0.0002
romanf,1.00,0.0002
peek,1.00,0.0002
ritimo,1.00,0.0002
press,1.00,0.0002
2032,1.00,0.0002
jessi,1.00,0.0002
senescence,1.00,0.0002
432545,1.00,0.0002
stevens5,1.00,0.0002
rwolf,1.00,0.0002
scotland,1.00,0.0002
gossippress,1.00,0.0002
klm07,1.00,0.0002
klm,1.00,0.0002
418,1.00,0.0002
jonesj,1.00,0.0002
jonesj64,1.00,0.0002
card,1.00,0.0002
jeani,1.00,0.0002
jeani57,1.00,0.0002
gittner,1.00,0.0002
sexylexy,1.00,0.0002
1811,1.00,0.0002
sarangi,1.00,0.0002
accuclaim,1.00,0.0002
jenn,1.00,0.0002
samba,1.00,0.0002
eshabob,1.00,0.0002
mmrabino,1.00,0.0002
mathematics,1.00,0.0002
carmel,1.00,0.0002
1870,1.00,0.0002
kamlesh,1.00,0.0002
kreekilo,1.00,0.0002
student,1.00,0.0002
wedge,1.00,0.0002
2478,1.00,0.0002
ken,1.00,0.0002
kyrea,1.00,0.0002
dennis,1.00,0.0002
1747,1.00,0.0002
snpdev,1.00,0.0002
jsky,1.00,0.0002
kshitize,1.00,0.0002
taycha,1.00,0.0002
anointed,1.00,0.0002
stjames,1.00,0.0002
hbm,1.00,0.0002
alix,1.00,0.0002
dreadcowe,1.00,0.0002
pchadri,1.00,0.0002
splinter,1.00,0.0002
gabriel,1.00,0.0002
kunin,1.00,0.0002
dashok,1.00,0.0002
9224,1.00,0.0002
zach,1.00,0.0002
publicity,1.00,0.0002
baggie,1.00,0.0002
dipta,1.00,0.0002
ksr,1.00,0.0002
reyna,1.00,0.0002
susanagarza,1.00,0.0002
3lab,1.00,0.0002
kathryn,1.00,0.0002
pjw,1.00,0.0002
ds,1.00,0.0002
jacquelyn,1.00,0.0002
pocketholes,1.00,0.0002
encourage,1.00,0.0002
sshoots,1.00,0.0002
wongwongeric,1.00,0.0002
casteel,1.00,0.0002
catties,1.00,0.0002
twoblues,1.00,0.0002
gloria,1.00,0.0002
aletras,1.00,0.0002
derbydoctor,1.00,0.0002
deathcity,1.00,0.0002
babyxue,1.00,0.0002
1722,1.00,0.0002
may345,1.00,0.0002
trusthim,1.00,0.0002
trusthim1st,1.00,0.0002
jwk,1.00,0.0002
juriscape,1.00,0.0002
yogaphuket,1.00,0.0002
mamta,1.00,0.0002
metabolism,1.00,0.0002
pallu,1.00,0.0002
alexandre,1.00,0.0002
3807,1.00,0.0002
cashidea,1.00,0.0002
kdl,1.00,0.0002
sari,1.00,0.0002
gomez,1.00,0.0002
rexlenon,1.00,0.0002
sancyber,1.00,0.0002
anahid,1.00,0.0002
lighti,1.00,0.0002
izimi,1.00,0.0002
laci,1.00,0.0002
asna,1.00,0.0002
kovercomes,1.00,0.0002
get,1.00,0.0002
elegance,1.00,0.0002
crissa,1.00,0.0002
0626,1.00,0.0002
justinah,1.00,0.0002
jude,1.00,0.0002
winnie,1.00,0.0002
camroo,1.00,0.0002
89632147,1.00,0.0002
19102,1.00,0.0002
hmb,1.00,0.0002
hmb19102,1.00,0.0002
jondog,1.00,0.0002
jondog338,1.00,0.0002
kardawg,1.00,0.0002
791,1.00,0.0002
kardawg791,1.00,0.0002
7857,1.00,0.0002
dino,1.00,0.0002
lmo,1.00,0.0002
fairvote,1.00,0.0002
2582,1.00,0.0002
nkgonline,1.00,0.0002
suckit,1.00,0.0002
babypaws,1.00,0.0002
graeme,1.00,0.0002
toddpelow,1.00,0.0002
braksus,1.00,0.0002
ymerri,1.00,0.0002
tdb,1.00,0.0002
mlelcar,1.00,0.0002
lmijic,1.00,0.0002
musicmon101,1.00,0.0002
musicmon,1.00,0.0002
8669,1.00,0.0002
poohangel,1.00,0.0002
277,1.00,0.0002
aldiery,1.00,0.0002
zepolt,1.00,0.0002
passion,1.00,0.0002
hamptonu,1.00,0.0002
ttlbliss,1.00,0.0002
firejin,1.00,0.0002
firejin3,1.00,0.0002
fran,1.00,0.0002
bobb1969,1.00,0.0002
xfrispx,1.00,0.0002
morris,1.00,0.0002
jhw,1.00,0.0002
glamdna,1.00,0.0002
epd712,1.00,0.0002
lamemes,1.00,0.0002
ajtjal,1.00,0.0002
crazypellas,1.00,0.0002
510,1.00,0.0002
6565,1.00,0.0002
evan,1.00,0.0002
tmonetti,1.00,0.0002
vibles,1.00,0.0002
jdbake,1.00,0.0002
2287,1.00,0.0002
52527,1.00,0.0002
8186,1.00,0.0002
bnj,1.00,0.0002
rocha,1.00,0.0002
korreyta,1.00,0.0002
bogart,1.00,0.0002
7812,1.00,0.0002
1489,1.00,0.0002
eunice,1.00,0.0002
skix,1.00,0.0002
starlove,1.00,0.0002
ent,1.00,0.0002
1116ent,1.00,0.0002
rfm,1.00,0.0002
noel,1.00,0.0002
32109,1.00,0.0002
wallst,1.00,0.0002
havana,1.00,0.0002
msopr,1.00,0.0002
girish,1.00,0.0002
techfax,1.00,0.0002
taguig,1.00,0.0002
khumalo,1.00,0.0002
spd142,1.00,0.0002
spd,1.00,0.0002
sunmoon2009,1.00,0.0002
sunmoon,1.00,0.0002
0479,1.00,0.0002
vijaya,1.00,0.0002
pinkmemo,1.00,0.0002
betty,1.00,0.0002
ddd,1.00,0.0002
jaytrez,1.00,0.0002
gianna,1.00,0.0002
evanmech,1.00,0.0002
wpst,1.00,0.0002
warwick,1.00,0.0002
junetic,1.00,0.0002
blacq,1.00,0.0002
nfz,1.00,0.0002
f18nfz,1.00,0.0002
samart,1.00,0.0002
tigertom,1.00,0.0002
isolvum,1.00,0.0002
jesussaves,1.00,0.0002
jersey,1.00,0.0002
63401,1.00,0.0002
lidong,1.00,0.0002
magic,1.00,0.0002
gautam,1.00,0.0002
tipmane777,1.00,0.0002
tipmane,1.00,0.0002
bablu,1.00,0.0002
duffel24,1.00,0.0002
duffel,1.00,0.0002
mason,1.00,0.0002
2713,1.00,0.0002
tamonan,1.00,0.0002
41593,1.00,0.0002
xxbufuxx,1.00,0.0002
xxbufuxx21,1.00,0.0002
cyndiheart,1.00,0.0002
tlr,1.00,0.0002
tlr334,1.00,0.0002
tymoski,1.00,0.0002
2113,1.00,0.0002
kpty,1.00,0.0002
kpty44,1.00,0.0002
tesa,1.00,0.0002
nureen,1.00,0.0002
cappucino,1.00,0.0002
mel999,1.00,0.0002
mcilmoyle,1.00,0.0002
keltrehai,1.00,0.0002
lilian,1.00,0.0002
fastpitchonline,1.00,0.0002
bob1,1.00,0.0002
burtonk,1.00,0.0002
burtonk2,1.00,0.0002
7472,1.00,0.0002
akumar,1.00,0.0002
juljos,1.00,0.0002
seetha,1.00,0.0002
raines,1.00,0.0002
8970,1.00,0.0002
orange,1.00,0.0002
7787,1.00,0.0002
mariegvh,1.00,0.0002
kimtooks,1.00,0.0002
design,1.00,0.0002
mpenell,1.00,0.0002
jberndt,1.00,0.0002
ather,1.00,0.0002
ollie,1.00,0.0002
43881,1.00,0.0002
kcsmarketing,1.00,0.0002
12959,1.00,0.0002
rmt12959,1.00,0.0002
rmt,1.00,0.0002
electrician3,1.00,0.0002
electrician,1.00,0.0002
65021,1.00,0.0002
matosgnn,1.00,0.0002
matosgnn65021,1.00,0.0002
elearners,1.00,0.0002
urguddu,1.00,0.0002
jjr,1.00,0.0002
vondur,1.00,0.0002
cpack,1.00,0.0002
smlwalker,1.00,0.0002
row,1.00,0.0002
tjdude,1.00,0.0002
guess,1.00,0.0002
2970,1.00,0.0002
13087,1.00,0.0002
forbes,1.00,0.0002
rasheed,1.00,0.0002
jocelyn,1.00,0.0002
pek,1.00,0.0002
jaxgrl,1.00,0.0002
roger1990,1.00,0.0002
roger,1.00,0.0002
malachite,1.00,0.0002
tsherrer,1.00,0.0002
013084,1.00,0.0002
kurena,1.00,0.0002
dorn,1.00,0.0002
7464,1.00,0.0002
munirmoosa,1.00,0.0002
darkness,1.00,0.0002
auroin,1.00,0.0002
medstudents,1.00,0.0002
medstudents4,1.00,0.0002
pbled,1.00,0.0002
1047,1.00,0.0002
maxsdead,1.00,0.0002
kaneshia,1.00,0.0002
bgh,1.00,0.0002
isania,1.00,0.0002
inkworm,1.00,0.0002
viking,1.00,0.0002
tijana,1.00,0.0002
chill,1.00,0.0002
srjbdl,1.00,0.0002
ateich,1.00,0.0002
netizen,1.00,0.0002
isndata,1.00,0.0002
bhabhi420,1.00,0.0002
bhabhi,1.00,0.0002
neonotion,1.00,0.0002
tanjil,1.00,0.0002
andray,1.00,0.0002
addie,1.00,0.0002
deedee,1.00,0.0002
vanliew,1.00,0.0002
4510,1.00,0.0002
apollo,1.00,0.0002
wolf,1.00,0.0002
shanee,1.00,0.0002
discovery,1.00,0.0002
0069,1.00,0.0002
cal0069,1.00,0.0002
cal,1.00,0.0002
24360,1.00,0.0002
glazer,1.00,0.0002
lazer,1.00,0.0002
rups,1.00,0.0002
nefa,1.00,0.0002
2thgen,1.00,0.0002
alimah,1.00,0.0002
airingitout,1.00,0.0002
ericbaldy,1.00,0.0002
amyj,1.00,0.0002
bev,1.00,0.0002
milo,1.00,0.0002
verna,1.00,0.0002
trapper,1.00,0.0002
8907,1.00,0.0002
sakib,1.00,0.0002
wooloo,1.00,0.0002
gitonga,1.00,0.0002
jen5770,1.00,0.0002
salil,1.00,0.0002
wientzen,1.00,0.0002
swineflu,1.00,0.0002
roxana,1.00,0.0002
3125,1.00,0.0002
radford,1.00,0.0002
whitney,1.00,0.0002
sope,1.00,0.0002
elvia,1.00,0.0002
9530,1.00,0.0002
xxxx9530,1.00,0.0002
xxxx,1.00,0.0002
simpsons,1.00,0.0002
raai123,1.00,0.0002
raai,1.00,0.0002
sabra,1.00,0.0002
catdog2,1.00,0.0002
divine,1.00,0.0002
chouse,1.00,0.0002
chouse335,1.00,0.0002
shullsfcs,1.00,0.0002
lifesquire,1.00,0.0002
artrain,1.00,0.0002
rimple,1.00,0.0002
ritahp,1.00,0.0002
pokeybear,1.00,0.0002
pintail,1.00,0.0002
72390,1.00,0.0002
chapal,1.00,0.0002
bobsmommy,1.00,0.0002
carolwork,1.00,0.0002
marianarusea,1.00,0.0002
combs1234,1.00,0.0002
combs,1.00,0.0002
24292700,1.00,0.0002
search,1.00,0.0002
harlem,1.00,0.0002
piplu,1.00,0.0002
enbetron,1.00,0.0002
breska,1.00,0.0002
wqrachan,1.00,0.0002
river,1.00,0.0002
jonny,1.00,0.0002
devireddy,1.00,0.0002
namaste,1.00,0.0002
shaunik,1.00,0.0002
wallis,1.00,0.0002
icebaby,1.00,0.0002
sage,1.00,0.0002
20297,1.00,0.0002
dna,1.00,0.0002
redho,1.00,0.0002
amaria,1.00,0.0002
swaroopa,1.00,0.0002
rande,1.00,0.0002
rande417,1.00,0.0002
freewebspace,1.00,0.0002
senaai,1.00,0.0002
fancyface,1.00,0.0002
girgrem,1.00,0.0002
mureen,1.00,0.0002
tinas,1.00,0.0002
tinas824,1.00,0.0002
aroshsky,1.00,0.0002
dupka,1.00,0.0002
chawley41,1.00,0.0002
chawley,1.00,0.0002
sharpideas,1.00,0.0002
cnelindia,1.00,0.0002
jyc,1.00,0.0002
sbrannett,1.00,0.0002
langrell,1.00,0.0002
standingstill,1.00,0.0002
25633,1.00,0.0002
cowboy29,1.00,0.0002
5584,1.00,0.0002
arion7273,1.00,0.0002
arion,1.00,0.0002
19861022,1.00,0.0002
2800,1.00,0.0002
acquamedia,1.00,0.0002
tcglen,1.00,0.0002
lovergirl,1.00,0.0002
jgemma,1.00,0.0002
jakers,1.00,0.0002
pseudo,1.00,0.0002
panda,1.00,0.0002
johanna,1.00,0.0002
shabbystitches,1.00,0.0002
colin,1.00,0.0002
kirsty,1.00,0.0002
2072,1.00,0.0002
nene,1.00,0.0002
nene1394,1.00,0.0002
calfinder,1.00,0.0002
rhondak,1.00,0.0002
wendykorn,1.00,0.0002
tashneem,1.00,0.0002
lemohall,1.00,0.0002
giovi,1.00,0.0002
bennguyen,1.00,0.0002
riyanto,1.00,0.0002
tarkan,1.00,0.0002
betoav,1.00,0.0002
skt,1.00,0.0002
4a,1.00,0.0002
mulv,1.00,0.0002
4456,1.00,0.0002
tamba,1.00,0.0002
bhang,1.00,0.0002
nurseangie,1.00,0.0002
jcm,1.00,0.0002
ashlin,1.00,0.0002
1890,1.00,0.0002
agape,1.00,0.0002
21202,1.00,0.0002
doris214,1.00,0.0002
doris,1.00,0.0002
121956,1.00,0.0002
dimyplenpip,1.00,0.0002
juni,1.00,0.0002
gallagher,1.00,0.0002
eminem,1.00,0.0002
watson,1.00,0.0002
hoss265,1.00,0.0002
hoss,1.00,0.0002
0317,1.00,0.0002
katydob,1.00,0.0002
jamesrsnbm,1.00,0.0002
bcs321,1.00,0.0002
bcs,1.00,0.0002
2749390,1.00,0.0002
328,1.00,0.0002
louise568,1.00,0.0002
3026,1.00,0.0002
aserpo42,1.00,0.0002
aserpo,1.00,0.0002
lara,1.00,0.0002
bugsvj,1.00,0.0002
wamego,1.00,0.0002
ttcros,1.00,0.0002
art,1.00,0.0002
supermegamom,1.00,0.0002
elize,1.00,0.0002
legolacey,1.00,0.0002
598,1.00,0.0002
texmex,1.00,0.0002
problems,1.00,0.0002
nertila,1.00,0.0002
twins,1.00,0.0002
fionn,1.00,0.0002
sales1,1.00,0.0002
domodood,1.00,0.0002
52561,1.00,0.0002
bobj73,1.00,0.0002
bobj,1.00,0.0002
igk,1.00,0.0002
kennedee,1.00,0.0002
254,1.00,0.0002
connie254,1.00,0.0002
1683,1.00,0.0002
kalman,1.00,0.0002
2335,1.00,0.0002
dbodziak,1.00,0.0002
gracia,1.00,0.0002
spivey,1.00,0.0002
tasleem,1.00,0.0002
tedue01,1.00,0.0002
tedue,1.00,0.0002
492,1.00,0.0002
butler,1.00,0.0002
advertising,1.00,0.0002
nharding,1.00,0.0002
vanakkam,1.00,0.0002
mateo,1.00,0.0002
naked,1.00,0.0002
slimwide,1.00,0.0002
chaz,1.00,0.0002
yourmom,1.00,0.0002
4276,1.00,0.0002
kkgreen,1.00,0.0002
dadicka,1.00,0.0002
meh,1.00,0.0002
xeal,1.00,0.0002
gregg,1.00,0.0002
chab,1.00,0.0002
chab1732,1.00,0.0002
1732,1.00,0.0002
michela,1.00,0.0002
emir,1.00,0.0002
rvbolisay,1.00,0.0002
piilanikapua,1.00,0.0002
stuphillis,1.00,0.0002
tonya,1.00,0.0002
chiewc,1.00,0.0002
mwatokelwapo,1.00,0.0002
windway,1.00,0.0002
witch,1.00,0.0002
2134,1.00,0.0002
3tt,1.00,0.0002
wispers,1.00,0.0002
hippie,1.00,0.0002
alisonwalker,1.00,0.0002
sandrajada,1.00,0.0002
ewjames,1.00,0.0002
brice,1.00,0.0002
maxmin,1.00,0.0002
4jesus,1.00,0.0002
sharath,1.00,0.0002
maren,1.00,0.0002
jef,1.00,0.0002
jef2003,1.00,0.0002
delta,1.00,0.0002
myralove,1.00,0.0002
drdray,1.00,0.0002
6971,1.00,0.0002
lashonne,1.00,0.0002
greenbay,1.00,0.0002
yhan,1.00,0.0002
jamesleo,1.00,0.0002
jamesleo05,1.00,0.0002
jkgolfman,1.00,0.0002
manj,1.00,0.0002
multivu,1.00,0.0002
7261,1.00,0.0002
484,1.00,0.0002
johns,1.00,0.0002
johns484,1.00,0.0002
6368,1.00,0.0002
jamali,1.00,0.0002
irenebb,1.00,0.0002
jaiku,1.00,0.0002
mukaloo,1.00,0.0002
monkey,1.00,0.0002
doden,1.00,0.0002
mirg,1.00,0.0002
premretire,1.00,0.0002
antiskela,1.00,0.0002
antiskela2112,1.00,0.0002
mchaney,1.00,0.0002
8312,1.00,0.0002
malitia,1.00,0.0002
international,1.00,0.0002
sdkuchek,1.00,0.0002
comoms,1.00,0.0002
hehas100,1.00,0.0002
hehas,1.00,0.0002
mariot,1.00,0.0002
aslam,1.00,0.0002
responselink,1.00,0.0002
dynamic,1.00,0.0002
tolik,1.00,0.0002
tolik008,1.00,0.0002
manunited,1.00,0.0002
seattlesports,1.00,0.0002
wildthing,1.00,0.0002
wildthing77k,1.00,0.0002
freedom,1.00,0.0002
nikstr,1.00,0.0002
0548,1.00,0.0002
alnutoo,1.00,0.0002
podunk,1.00,0.0002
patriciar,1.00,0.0002
teri412002,1.00,0.0002
412002,1.00,0.0002
debigirl,1.00,0.0002
sysconn,1.00,0.0002
0311,1.00,0.0002
cleofluffy,1.00,0.0002
bondservant,1.00,0.0002
sreynga,1.00,0.0002
webcart,1.00,0.0002
gala,1.00,0.0002
1821,1.00,0.0002
v1,1.00,0.0002
6969,1.00,0.0002
ameer,1.00,0.0002
pscorral,1.00,0.0002
3722,1.00,0.0002
nebula,1.00,0.0002
571,1.00,0.0002
praco,1.00,0.0002
msquisha,1.00,0.0002
miked,1.00,0.0002
dsmccleary,1.00,0.0002
133,1.00,0.0002
rhung101,1.00,0.0002
rhung,1.00,0.0002
5691,1.00,0.0002
msa2,1.00,0.0002
belinda,1.00,0.0002
tokiohotel,1.00,0.0002
ucstrategies,1.00,0.0002
tnb,1.00,0.0002
imajoy,1.00,0.0002
7069,1.00,0.0002
tideactive,1.00,0.0002
hansa,1.00,0.0002
squirrel,1.00,0.0002
janedoesam,1.00,0.0002
yosh,1.00,0.0002
31486,1.00,0.0002
tedynme,1.00,0.0002
stephens,1.00,0.0002
tmills,1.00,0.0002
2334,1.00,0.0002
siznon,1.00,0.0002
eagles,1.00,0.0002
eagles12,1.00,0.0002
ashramgma,1.00,0.0002
dwade,1.00,0.0002
3939,1.00,0.0002
kapoor007,1.00,0.0002
willtucker,1.00,0.0002
maplife,1.00,0.0002
saran,1.00,0.0002
shon,1.00,0.0002
gangsta,1.00,0.0002
sar,1.00,0.0002
mk,1.00,0.0002
germanos,1.00,0.0002
ekas,1.00,0.0002
math,1.00,0.0002
lovely,1.00,0.0002
0999,1.00,0.0002
shainsky,1.00,0.0002
tlp,1.00,0.0002
tator,1.00,0.0002
johnson37,1.00,0.0002
maria.johnson37,1.00,0.0002
9944,1.00,0.0002
amar9944,1.00,0.0002
deezy,1.00,0.0002
sheryle,1.00,0.0002
joeschmo,1.00,0.0002
aelita,1.00,0.0002
shanesguh,1.00,0.0002
gamegreen,1.00,0.0002
gwinn2020,1.00,0.0002
gwinn,1.00,0.0002
marqcl,1.00,0.0002
valuepipe,1.00,0.0002
pgif,1.00,0.0002
ojoin,1.00,0.0002
yelay,1.00,0.0002
eleotin,1.00,0.0002
shookey,1.00,0.0002
gifted,1.00,0.0002
wasilla99,1.00,0.0002
wasilla,1.00,0.0002
pardeep,1.00,0.0002
2019,1.00,0.0002
147224,1.00,0.0002
emrah,1.00,0.0002
hamidr,1.00,0.0002
andie,1.00,0.0002
530,1.00,0.0002
laila,1.00,0.0002
slicaza,1.00,0.0002
apeshit,1.00,0.0002
starrbuck,1.00,0.0002
bne,1.00,0.0002
har,1.00,0.0002
loner,1.00,0.0002
zirana,1.00,0.0002
8217,1.00,0.0002
erin8217,1.00,0.0002
mi,1.00,0.0002
hash,1.00,0.0002
jazzy,1.00,0.0002
murphree,1.00,0.0002
8143,1.00,0.0002
112084,1.00,0.0002
wesmaul,1.00,0.0002
kishigaki,1.00,0.0002
dgibson,1.00,0.0002
jml,1.00,0.0002
twohig,1.00,0.0002
colba,1.00,0.0002
7788,1.00,0.0002
double8,1.00,0.0002
double,1.00,0.0002
gian,1.00,0.0002
serri,1.00,0.0002
serri12,1.00,0.0002
loser2,1.00,0.0002
loser,1.00,0.0002
672,1.00,0.0002
1411,1.00,0.0002
booper1411,1.00,0.0002
stef,1.00,0.0002
wynono,1.00,0.0002
0305,1.00,0.0002
5324,1.00,0.0002
brd81077,1.00,0.0002
brd,1.00,0.0002
81077,1.00,0.0002
milanka,1.00,0.0002
roses,1.00,0.0002
roses59m,1.00,0.0002
caitlyn,1.00,0.0002
1n,1.00,0.0002
dakejo,1.00,0.0002
870120,1.00,0.0002
mickster,1.00,0.0002
kavin,1.00,0.0002
mixi,1.00,0.0002
2rlacy,1.00,0.0002
journeys,1.00,0.0002
lilone,1.00,0.0002
garcia,1.00,0.0002
lsalloum,1.00,0.0002
charitybuzz,1.00,0.0002
2413,1.00,0.0002
1103,1.00,0.0002
kelvins,1.00,0.0002
costuna,1.00,0.0002
demented,1.00,0.0002
798379,1.00,0.0002
1561,1.00,0.0002
semaphore,1.00,0.0002
johnbisney,1.00,0.0002
rpeterson,1.00,0.0002
zonder,1.00,0.0002
0674,1.00,0.0002
seige,1.00,0.0002
seeknext,1.00,0.0002
earnontime,1.00,0.0002
pmc,1.00,0.0002
skipndee,1.00,0.0002
mom,1.00,0.0002
pussi,1.00,0.0002
kedogo,1.00,0.0002
qtsherry,1.00,0.0002
wesley,1.00,0.0002
namnv,1.00,0.0002
bingonut,1.00,0.0002
millie93,1.00,0.0002
millie,1.00,0.0002
gjohns35,1.00,0.0002
gjohns,1.00,0.0002
3591,1.00,0.0002
tymora,1.00,0.0002
297,1.00,0.0002
julred,1.00,0.0002
gantz,1.00,0.0002
shaira,1.00,0.0002
yasmine,1.00,0.0002
hellobay,1.00,0.0002
prsanbu,1.00,0.0002
matsuda,1.00,0.0002
beacon,1.00,0.0002
firstnight,1.00,0.0002
3950,1.00,0.0002
chel,1.00,0.0002
poop,1.00,0.0002
2628,1.00,0.0002
531,1.00,0.0002
daropo,1.00,0.0002
1522,1.00,0.0002
retaks,1.00,0.0002
tunder,1.00,0.0002
tunder05,1.00,0.0002
ekjwright,1.00,0.0002
zz,1.00,0.0002
klarapo,1.00,0.0002
oriami,1.00,0.0002
ghazania,1.00,0.0002
payoneer,1.00,0.0002
weaton36,1.00,0.0002
weaton,1.00,0.0002
jasiaus,1.00,0.0002
rayan,1.00,0.0002
vallone,1.00,0.0002
connection,1.00,0.0002
blandly,1.00,0.0002
gaildear,1.00,0.0002
margarita,1.00,0.0002
41968,1.00,0.0002
noorsham,1.00,0.0002
rad,1.00,0.0002
ilmsel,1.00,0.0002
5005,1.00,0.0002
nik,1.00,0.0002
danay,1.00,0.0002
neereid,1.00,0.0002
neereid23,1.00,0.0002
blondie,1.00,0.0002
9900,1.00,0.0002
dvbw,1.00,0.0002
dvbw9900,1.00,0.0002
cookie1960,1.00,0.0002
cookie,1.00,0.0002
bloomy,1.00,0.0002
jube,1.00,0.0002
snacks,1.00,0.0002
crewind,1.00,0.0002
stacenrob,1.00,0.0002
jdja,1.00,0.0002
kanerz,1.00,0.0002
lamar,1.00,0.0002
ashwani,1.00,0.0002
shawncjr,1.00,0.0002
shawncjr2006,1.00,0.0002
zone,1.00,0.0002
4411,1.00,0.0002
bahrawy,1.00,0.0002
daryl,1.00,0.0002
cgoody,1.00,0.0002
guseva,1.00,0.0002
dorothy,1.00,0.0002
aegray,1.00,0.0002
dinkins,1.00,0.0002
gordy,1.00,0.0002
rodkin,1.00,0.0002
cyber99,1.00,0.0002
aysha,1.00,0.0002
endane,1.00,0.0002
sgrego,1.00,0.0002
sgrego1841,1.00,0.0002
1841,1.00,0.0002
2551,1.00,0.0002
quiet,1.00,0.0002
lschlink,1.00,0.0002
tvl,1.00,0.0002
sganox,1.00,0.0002
wizardtk,1.00,0.0002
5724,1.00,0.0002
ayehrz,1.00,0.0002
hienchau,1.00,0.0002
hienchau2008,1.00,0.0002
ldente,1.00,0.0002
emoore,1.00,0.0002
0511,1.00,0.0002
mastavile,1.00,0.0002
0621,1.00,0.0002
sprintcar,1.00,0.0002
2261,1.00,0.0002
wtkr,1.00,0.0002
coldhouse,1.00,0.0002
just,1.00,0.0002
fofito,1.00,0.0002
fofito1969,1.00,0.0002
754,1.00,0.0002
alexcox,1.00,0.0002
5176,1.00,0.0002
entilza3,1.00,0.0002
entilza,1.00,0.0002
bookdivas,1.00,0.0002
atomix,1.00,0.0002
rnldesign,1.00,0.0002
hollyann,1.00,0.0002
heavydw,1.00,0.0002
neidner,1.00,0.0002
6879,1.00,0.0002
tonukarin,1.00,0.0002
cassidy,1.00,0.0002
sychtysz,1.00,0.0002
yh786515,1.00,0.0002
786515,1.00,0.0002
yh,1.00,0.0002
4782,1.00,0.0002
sahiraesther,1.00,0.0002
bless81s,1.00,0.0002
2069,1.00,0.0002
wowbaral,1.00,0.0002
fishhoss,1.00,0.0002
0323,1.00,0.0002
parthi,1.00,0.0002
vincegill,1.00,0.0002
0318,1.00,0.0002
5157,1.00,0.0002
catherine,1.00,0.0002
sungre,1.00,0.0002
forcarrot,1.00,0.0002
tmzai,1.00,0.0002
460,1.00,0.0002
boknoy,1.00,0.0002
pts,1.00,0.0002
9071,1.00,0.0002
jaycee31,1.00,0.0002
jaycee,1.00,0.0002
dunbar,1.00,0.0002
soler,1.00,0.0002
icecold,1.00,0.0002
2214,1.00,0.0002
1240,1.00,0.0002
margiros,1.00,0.0002
boxdog,1.00,0.0002
iguana,1.00,0.0002
sjbiars,1.00,0.0002
ivanberk,1.00,0.0002
satish,1.00,0.0002
mr.mack,1.00,0.0002
mack,1.00,0.0002
2350,1.00,0.0002
nitul258,1.00,0.0002
nitul,1.00,0.0002
3313,1.00,0.0002
101861,1.00,0.0002
mustangirl,1.00,0.0002
mustangirl7,1.00,0.0002
magoo,1.00,0.0002
wildman,1.00,0.0002
cashman,1.00,0.0002
806,1.00,0.0002
angella,1.00,0.0002
lipps46,1.00,0.0002
lipps,1.00,0.0002
afortune,1.00,0.0002
rsv,1.00,0.0002
kelii,1.00,0.0002
1355,1.00,0.0002
yousuck,1.00,0.0002
janaban,1.00,0.0002
2664,1.00,0.0002
ssubat,1.00,0.0002
demonet11,1.00,0.0002
demonet,1.00,0.0002
2104,1.00,0.0002
angara,1.00,0.0002
3927,1.00,0.0002
pooder,1.00,0.0002
sajan,1.00,0.0002
sanvir,1.00,0.0002
592,1.00,0.0002
adriel,1.00,0.0002
jakasembung,1.00,0.0002
kickboxing,1.00,0.0002
2304,1.00,0.0002
raplord,1.00,0.0002
cooper819,1.00,0.0002
dkc,1.00,0.0002
tuantrung,1.00,0.0002
tuantrung2500,1.00,0.0002
2500,1.00,0.0002
1921,1.00,0.0002
1619,1.00,0.0002
nghtuantrung,1.00,0.0002
nghtuantrung89,1.00,0.0002
657,1.00,0.0002
poisonivy,1.00,0.0002
poisonivy657,1.00,0.0002
choken,1.00,0.0002
bag13msu,1.00,0.0002
bag,1.00,0.0002
maikel,1.00,0.0002
desiraheel,1.00,0.0002
energy,1.00,0.0002
archana,1.00,0.0002
zherwell,1.00,0.0002
freddy,1.00,0.0002
slumb,1.00,0.0002
michuisa,1.00,0.0002
salim,1.00,0.0002
2471,1.00,0.0002
3251,1.00,0.0002
fllyf,1.00,0.0002
juliek,1.00,0.0002
recycler,1.00,0.0002
fhie,1.00,0.0002
32288,1.00,0.0002
selma_salooma,1.00,0.0002
selma,1.00,0.0002
salooma,1.00,0.0002
3380,1.00,0.0002
pmso,1.00,0.0002
pmso77,1.00,0.0002
280,1.00,0.0002
loans,1.00,0.0002
883,1.00,0.0002
9772,1.00,0.0002
lutey,1.00,0.0002
yari,1.00,0.0002
luckie,1.00,0.0002
kostyc,1.00,0.0002
kostycul,1.00,0.0002
marciano,1.00,0.0002
kasia410,1.00,0.0002
kasia,1.00,0.0002
73331,1.00,0.0002
rocinich,1.00,0.0002
devika,1.00,0.0002
nirupam,1.00,0.0002
ovan,1.00,0.0002
fuckyuh,1.00,0.0002
ericmill,1.00,0.0002
ramiro,1.00,0.0002
podweb,1.00,0.0002
nl,1.00,0.0002
immortal,1.00,0.0002
fic,1.00,0.0002
oswego,1.00,0.0002
franksdvdmovies,1.00,0.0002
hb,1.00,0.0002
032,1.00,0.0002
as,1.00,0.0002
larilliam,1.00,0.0002
hanson,1.00,0.0002
sumer,1.00,0.0002
kar,1.00,0.0002
tasya,1.00,0.0002
arthia,1.00,0.0002
belmar313,1.00,0.0002
belmar,1.00,0.0002
treva,1.00,0.0002
titito,1.00,0.0002
calimore,1.00,0.0002
robus1993,1.00,0.0002
robus,1.00,0.0002
crp,1.00,0.0002
bighassle,1.00,0.0002
lovestone,1.00,0.0002
1285,1.00,0.0002
shorttie,1.00,0.0002
rogue,1.00,0.0002
jewkerr,1.00,0.0002
hr,1.00,0.0002
lmye,1.00,0.0002
lmye2,1.00,0.0002
musulyn,1.00,0.0002
kariya,1.00,0.0002
0217,1.00,0.0002
barcelonamum,1.00,0.0002
liammcadam,1.00,0.0002
paige,1.00,0.0002
hunter,1.00,0.0002
blak,1.00,0.0002
camaro,1.00,0.0002
desilva,1.00,0.0002
boofle,1.00,0.0002
associatedcontent,1.00,0.0002
kclute,1.00,0.0002
ksj,1.00,0.0002
malton,1.00,0.0002
sohcahtoa,1.00,0.0002
bernstein,1.00,0.0002
dijanaj,1.00,0.0002
ss,1.00,0.0002
daneil,1.00,0.0002
tinsley,1.00,0.0002
dnapc,1.00,0.0002
3458,1.00,0.0002
shanda,1.00,0.0002
jove,1.00,0.0002
selvagem,1.00,0.0002
eggnog,1.00,0.0002
1731,1.00,0.0002
pfiore,1.00,0.0002
gunjal,1.00,0.0002
ikecia,1.00,0.0002
tiggor44,1.00,0.0002
tiggor,1.00,0.0002
jmad1906,1.00,0.0002
jmad,1.00,0.0002
noemail,1.00,0.0002
alfred,1.00,0.0002
shazaaam,1.00,0.0002
cedsparis,1.00,0.0002
waboyer,1.00,0.0002
habbo,1.00,0.0002
akhil,1.00,0.0002
escape,1.00,0.0002
lifebound,1.00,0.0002
rungano1,1.00,0.0002
rungano,1.00,0.0002
koffee2085,1.00,0.0002
2085,1.00,0.0002
koffee,1.00,0.0002
panmil,1.00,0.0002
laskowsl,1.00,0.0002
dolfy,1.00,0.0002
sarmadys,1.00,0.0002
rajans,1.00,0.0002
bp,1.00,0.0002
horse,1.00,0.0002
steeds,1.00,0.0002
prada,1.00,0.0002
guiildwarsking,1.00,0.0002
serena,1.00,0.0002
3636,1.00,0.0002
michell,1.00,0.0002
kriss,1.00,0.0002
joedipoma,1.00,0.0002
hrcccr,1.00,0.0002
takwi,1.00,0.0002
4848,1.00,0.0002
arne,1.00,0.0002
wolfslayer,1.00,0.0002
nikkia,1.00,0.0002
7171,1.00,0.0002
amos316,1.00,0.0002
amos,1.00,0.0002
raja,1.00,0.0002
paola,1.00,0.0002
ie,1.00,0.0002
wbw,1.00,0.0002
hsmallz,1.00,0.0002
nagbandaru,1.00,0.0002
joegardener,1.00,0.0002
mochamanual,1.00,0.0002
basu,1.00,0.0002
luvumuch,1.00,0.0002
ravin,1.00,0.0002
winters,1.00,0.0002
ziggy,1.00,0.0002
ziggy1962,1.00,0.0002
hina,1.00,0.0002
bugmenot,1.00,0.0002
sophy,1.00,0.0002
bacardiproof,1.00,0.0002
4him,1.00,0.0002
floshow,1.00,0.0002
floshow25,1.00,0.0002
christopher,1.00,0.0002
kinsyn,1.00,0.0002
wolves,1.00,0.0002
philweb,1.00,0.0002
thewriter,1.00,0.0002
patcater,1.00,0.0002
rachelpennylane,1.00,0.0002
manfred,1.00,0.0002
raajesh,1.00,0.0002
axle,1.00,0.0002
corsie,1.00,0.0002
jpurvis58,1.00,0.0002
jpurvis,1.00,0.0002
mygolfdoctor,1.00,0.0002
9311,1.00,0.0002
erik,1.00,0.0002
jineane,1.00,0.0002
nden16,1.00,0.0002
nden,1.00,0.0002
malley,1.00,0.0002
malley44,1.00,0.0002
emailforalice,1.00,0.0002
1390,1.00,0.0002
8ter,1.00,0.0002
figuresk,1.00,0.0002
figuresk8ter128,1.00,0.0002
laxman,1.00,0.0002
98456,1.00,0.0002
bloomtools,1.00,0.0002
baloja,1.00,0.0002
baloja14,1.00,0.0002
clydeskid,1.00,0.0002
dhirendrayadav,1.00,0.0002
apuravida01,1.00,0.0002
apuravida,1.00,0.0002
babylance,1.00,0.0002
wangjun,1.00,0.0002
shelli,1.00,0.0002
duncan,1.00,0.0002
raga,1.00,0.0002
tcs,1.00,0.0002
prashanth,1.00,0.0002
chodirin,1.00,0.0002
caacredit,1.00,0.0002
armanii,1.00,0.0002
41982,1.00,0.0002
nilesh,1.00,0.0002
corry,1.00,0.0002
rdrdavis,1.00,0.0002
rdrdavis1,1.00,0.0002
trited,1.00,0.0002
478,1.00,0.0002
madukes,1.00,0.0002
lozzy,1.00,0.0002
snookt77,1.00,0.0002
snookt,1.00,0.0002
amj,1.00,0.0002
nnlu20,1.00,0.0002
nnlu,1.00,0.0002
longor,1.00,0.0002
bernardgroup,1.00,0.0002
603,1.00,0.0002
nachri,1.00,0.0002
tezz,1.00,0.0002
mariposa,1.00,0.0002
rockstar,1.00,0.0002
leads,1.00,0.0002
vit,1.00,0.0002
thth,1.00,0.0002
elb,1.00,0.0002
kenwb,1.00,0.0002
foundation,1.00,0.0002
lymphoma,1.00,0.0002
swordfish,1.00,0.0002
jsayako,1.00,0.0002
jacqima,1.00,0.0002
member,1.00,0.0002
darden,1.00,0.0002
amrinder,1.00,0.0002
0778,1.00,0.0002
nextleg,1.00,0.0002
instablogs,1.00,0.0002
discotools,1.00,0.0002
kotfiljm,1.00,0.0002
azinxia,1.00,0.0002
laron,1.00,0.0002
toboc,1.00,0.0002
danelle,1.00,0.0002
1816,1.00,0.0002
1708,1.00,0.0002
purplefox,1.00,0.0002
kristen,1.00,0.0002
kamaljeet,1.00,0.0002
tin,1.00,0.0002
tin12345,1.00,0.0002
alib,1.00,0.0002
arredondo,1.00,0.0002
molette,1.00,0.0002
sneal,1.00,0.0002
sbc,1.00,0.0002
hi,1.00,0.0002
meow,1.00,0.0002
3263,1.00,0.0002
0905,1.00,0.0002
elroy,1.00,0.0002
kumar,1.00,0.0002
shoes,1.00,0.0002
488,1.00,0.0002
taevion,1.00,0.0002
chungyee,1.00,0.0002
adek,1.00,0.0002
rox,1.00,0.0002
7755,1.00,0.0002
ea,1.00,0.0002
1907,1.00,0.0002
81116,1.00,0.0002
mstng,1.00,0.0002
mstng127,1.00,0.0002
idslogic,1.00,0.0002
allstate,1.00,0.0002
msp,1.00,0.0002
lisadoss,1.00,0.0002
nitish,1.00,0.0002
apolla,1.00,0.0002
yesimlove,1.00,0.0002
rolando,1.00,0.0002
chwong,1.00,0.0002
mommeryl,1.00,0.0002
giuseppe,1.00,0.0002
durdles,1.00,0.0002
22552,1.00,0.0002
aim.com,1.00,0.0002
meiteoh,1.00,0.0002
ashlie,1.00,0.0002
megabud,1.00,0.0002
ang,1.00,0.0002
aliss,1.00,0.0002
qbwells,1.00,0.0002
ankita,1.00,0.0002
manojonkar,1.00,0.0002
0206,1.00,0.0002
rensando,1.00,0.0002
mosaik,1.00,0.0002
slimercat,1.00,0.0002
yescell.com,1.00,0.0002
evernova,1.00,0.0002
liam,1.00,0.0002
jojoking,1.00,0.0002
lindamookie,1.00,0.0002
61470,1.00,0.0002
judah,1.00,0.0002
neutralize,1.00,0.0002
fragoulis,1.00,0.0002
pwe,1.00,0.0002
609,1.00,0.0002
wfgmedia,1.00,0.0002
5125,1.00,0.0002
0316,1.00,0.0002
etisalat,1.00,0.0002
jelles,1.00,0.0002
quey,1.00,0.0002
7669,1.00,0.0002
kitaaustin,1.00,0.0002
bharatinder,1.00,0.0002
vinkell,1.00,0.0002
hdorrel,1.00,0.0002
3900,1.00,0.0002
tashacottrell,1.00,0.0002
zoonser,1.00,0.0002
zoonser129,1.00,0.0002
1457,1.00,0.0002
simson,1.00,0.0002
plinky92092,1.00,0.0002
plinky,1.00,0.0002
92092,1.00,0.0002
kamora6,1.00,0.0002
kamora,1.00,0.0002
gauri,1.00,0.0002
zealot505,1.00,0.0002
zealot,1.00,0.0002
garland,1.00,0.0002
1112,1.00,0.0002
1318,1.00,0.0002
brodiebbad,1.00,0.0002
rachel,1.00,0.0002
proj,1.00,0.0002
gavinandgrace,1.00,0.0002
932005,1.00,0.0002
sam6750,1.00,0.0002
6750,1.00,0.0002
5251,1.00,0.0002
1610,1.00,0.0002
dapro,1.00,0.0002
sensationalsecret,1.00,0.0002
vivekmisra,1.00,0.0002
harcourt,1.00,0.0002
tomco,1.00,0.0002
tomco77,1.00,0.0002
ke6ngc,1.00,0.0002
ke,1.00,0.0002
6ngc,1.00,0.0002
corinne,1.00,0.0002
randalb,1.00,0.0002
randalb3,1.00,0.0002
tourism,1.00,0.0002
blaschuk,1.00,0.0002
deannacutie,1.00,0.0002
register,1.00,0.0002
fake,1.00,0.0002
3t,1.00,0.0002
peachy,1.00,0.0002
ladyinlimbo,1.00,0.0002
mphamma,1.00,0.0002
mphamma9,1.00,0.0002
marino,1.00,0.0002
fdude,1.00,0.0002
fdude70,1.00,0.0002
keta,1.00,0.0002
keta2319,1.00,0.0002
2319,1.00,0.0002
sanjoya,1.00,0.0002
dpc,1.00,0.0002
rajendra,1.00,0.0002
chandana,1.00,0.0002
atkinson804,1.00,0.0002
atkinson,1.00,0.0002
tappers,1.00,0.0002
brineu,1.00,0.0002
0517,1.00,0.0002
spirit,1.00,0.0002
iraqsongs2005,1.00,0.0002
iraqsongs,1.00,0.0002
mainebelfast,1.00,0.0002
daralon,1.00,0.0002
vavis,1.00,0.0002
vavis423,1.00,0.0002
lzamzow,1.00,0.0002
ben209,1.00,0.0002
vanese,1.00,0.0002
mgdubenko,1.00,0.0002
jy,1.00,0.0002
mingo,1.00,0.0002
yokoshima,1.00,0.0002
arng,1.00,0.0002
ncc,1.00,0.0002
high,1.00,0.0002
piduca,1.00,0.0002
fishskinfreak,1.00,0.0002
wini,1.00,0.0002
wamtena,1.00,0.0002
joan,1.00,0.0002
paris,1.00,0.0002
kudschainsaw,1.00,0.0002
ancientpeaks,1.00,0.0002
psmjb,1.00,0.0002
jasnica,1.00,0.0002
tess,1.00,0.0002
china,1.00,0.0002
robbie,1.00,0.0002
hammer,1.00,0.0002
661,1.00,0.0002
yolidma,1.00,0.0002
047,1.00,0.0002
bmw,1.00,0.0002
wesam,1.00,0.0002
tut,1.00,0.0002
20781,1.00,0.0002
drummer,1.00,0.0002
baik,1.00,0.0002
hurtado,1.00,0.0002
martha.lucia.hurtado,1.00,0.0002
tagtm,1.00,0.0002
rtj,1.00,0.0002
rtj123,1.00,0.0002
tigger,1.00,0.0002
mitsuy,1.00,0.0002
timahood,1.00,0.0002
anupam,1.00,0.0002
socko,1.00,0.0002
mattscot,1.00,0.0002
dantizzle00,1.00,0.0002
dantizzle,1.00,0.0002
tickets,1.00,0.0002
bud,1.00,0.0002
pinkshoe,1.00,0.0002
prasang,1.00,0.0002
2611,1.00,0.0002
minx,1.00,0.0002
indigo,1.00,0.0002
5755,1.00,0.0002
dhina,1.00,0.0002
caleb,1.00,0.0002
harish,1.00,0.0002
4488,1.00,0.0002
ggginc,1.00,0.0002
petstreet,1.00,0.0002
isuri,1.00,0.0002
flocc,1.00,0.0002
tricee,1.00,0.0002
896016,1.00,0.0002
fusun,1.00,0.0002
knk,1.00,0.0002
oli,1.00,0.0002
3454,1.00,0.0002
blakjak,1.00,0.0002
225983,1.00,0.0002
yion,1.00,0.0002
y000yion,1.00,0.0002
shuangyu,1.00,0.0002
dibiase,1.00,0.0002
jameskan64,1.00,0.0002
jameskan,1.00,0.0002
bullet,1.00,0.0002
907,1.00,0.0002
sr,1.00,0.0002
sr596bear,1.00,0.0002
596,1.00,0.0002
chandler,1.00,0.0002
8329,1.00,0.0002
lanier,1.00,0.0002
ggn,1.00,0.0002
wilmeri,1.00,0.0002
0504,1.00,0.0002
tiffany,1.00,0.0002
blaze,1.00,0.0002
moderublack,1.00,0.0002
alja,1.00,0.0002
obden,1.00,0.0002
marissa,1.00,0.0002
tbelle39,1.00,0.0002
tbelle,1.00,0.0002
passport,1.00,0.0002
shenas,1.00,0.0002
doccima,1.00,0.0002
sunneygirl,1.00,0.0002
ergifekushi,1.00,0.0002
baby,1.00,0.0002
mvw,1.00,0.0002
gfrevele,1.00,0.0002
594,1.00,0.0002
sturgee,1.00,0.0002
lvt,1.00,0.0002
thefoss,1.00,0.0002
oceans,1.00,0.0002
nmgrauvogl,1.00,0.0002
8942,1.00,0.0002
alexandria,1.00,0.0002
odiekokee,1.00,0.0002
gelacsu,1.00,0.0002
surles,1.00,0.0002
realize,1.00,0.0002
miyochan,1.00,0.0002
rosetree,1.00,0.0002
cummings,1.00,0.0002
stevedes,1.00,0.0002
stevedes42,1.00,0.0002
9212,1.00,0.0002
karat,1.00,0.0002
89512,1.00,0.0002
jerome,1.00,0.0002
hank,1.00,0.0002
biggiegleon,1.00,0.0002
shoresh,1.00,0.0002
naganathan,1.00,0.0002
scfc16,1.00,0.0002
scfc,1.00,0.0002
chenson19,1.00,0.0002
chenson,1.00,0.0002
odinakachi,1.00,0.0002
ljr,1.00,0.0002
slu,1.00,0.0002
364,1.00,0.0002
adri,1.00,0.0002
aerdnalynn86,1.00,0.0002
aerdnalynn,1.00,0.0002
chaoz,1.00,0.0002
nekedia,1.00,0.0002
nekedia19,1.00,0.0002
sexypooh814,1.00,0.0002
sexypooh,1.00,0.0002
davidson,1.00,0.0002
bojana,1.00,0.0002
llee,1.00,0.0002
3970,1.00,0.0002
llee3970,1.00,0.0002
vanessaj,1.00,0.0002
vanessaj2006,1.00,0.0002
sogal,1.00,0.0002
044,1.00,0.0002
webel,1.00,0.0002
607,1.00,0.0002
vanya,1.00,0.0002
nofish,1.00,0.0002
sheenarj,1.00,0.0002
sheenarj27,1.00,0.0002
lalayon,1.00,0.0002
osos18100,1.00,0.0002
18100,1.00,0.0002
osos,1.00,0.0002
jamc,1.00,0.0002
proxalt,1.00,0.0002
corker,1.00,0.0002
keyombe,1.00,0.0002
pechconi,1.00,0.0002
markdeakin,1.00,0.0002
hawkeyewes,1.00,0.0002
genner,1.00,0.0002
brickwebb,1.00,0.0002
1438,1.00,0.0002
penningtonkm,1.00,0.0002
gmb,1.00,0.0002
j_v1950,1.00,0.0002
1950,1.00,0.0002
v1950,1.00,0.0002
paula,1.00,0.0002
nichelle,1.00,0.0002
yoyo,1.00,0.0002
parbdesigns,1.00,0.0002
4232,1.00,0.0002
81965,1.00,0.0002
kewaldo,1.00,0.0002
romele,1.00,0.0002
6700,1.00,0.0002
6888,1.00,0.0002
knotz,1.00,0.0002
knotz42,1.00,0.0002
spits,1.00,0.0002
omarhooper,1.00,0.0002
1335,1.00,0.0002
koshy,1.00,0.0002
hannah,1.00,0.0002
crizzy,1.00,0.0002
dwolf,1.00,0.0002
dwolf1,1.00,0.0002
3669,1.00,0.0002
6356,1.00,0.0002
0723,1.00,0.0002
auser516,1.00,0.0002
auser,1.00,0.0002
radio,1.00,0.0002
wisee,1.00,0.0002
royalalumni,1.00,0.0002
pacheco,1.00,0.0002
3617,1.00,0.0002
jwhite,1.00,0.0002
184,1.00,0.0002
jwhite184,1.00,0.0002
mistylane,1.00,0.0002
mistylane01,1.00,0.0002
shane,1.00,0.0002
leopard,1.00,0.0002
53108,1.00,0.0002
leopard53108,1.00,0.0002
mkohsman,1.00,0.0002
sgtkline,1.00,0.0002
edna,1.00,0.0002
tcandelmo,1.00,0.0002
tex,1.00,0.0002
1musicman,1.00,0.0002
twomoons,1.00,0.0002
459,1.00,0.0002
marieliam,1.00,0.0002
troutman,1.00,0.0002
dfresh,1.00,0.0002
krystal,1.00,0.0002
3420,1.00,0.0002
sparten,1.00,0.0002
kinyuah77,1.00,0.0002
kinyuah,1.00,0.0002
rohini,1.00,0.0002
253,1.00,0.0002
sheria,1.00,0.0002
walsh,1.00,0.0002
kashmir,1.00,0.0002
yscares,1.00,0.0002
1536,1.00,0.0002
arthur,1.00,0.0002
mariusz,1.00,0.0002
randiej,1.00,0.0002
vacca,1.00,0.0002
hanzseros,1.00,0.0002
123456,1.00,0.0002
bob123456,1.00,0.0002
4099,1.00,0.0002
boffco,1.00,0.0002
m633usa,1.00,0.0002
usa,1.00,0.0002
arun,1.00,0.0002
robertl,1.00,0.0002
tish,1.00,0.0002
2770,1.00,0.0002
4379,1.00,0.0002
jeffm714,1.00,0.0002
jeffm,1.00,0.0002
gareth,1.00,0.0002
595,1.00,0.0002
gravylimon,1.00,0.0002
visor,1.00,0.0002
visor63,1.00,0.0002
shea,1.00,0.0002
0483,1.00,0.0002
theslimed,1.00,0.0002
caguioa,1.00,0.0002
andreas,1.00,0.0002
9186,1.00,0.0002
0t,1.00,0.0002
5524163,1.00,0.0002
levantai,1.00,0.0002
levantai2007,1.00,0.0002
plum1234,1.00,0.0002
plum,1.00,0.0002
ez,1.00,0.0002
9712,1.00,0.0002
ajwrites,1.00,0.0002
jeanexson,1.00,0.0002
9213,1.00,0.0002
1113,1.00,0.0002
bobann,1.00,0.0002
geckley,1.00,0.0002
thsueh,1.00,0.0002
vinbruno,1.00,0.0002
vinbruno1,1.00,0.0002
annpage,1.00,0.0002
kudesnik,1.00,0.0002
kudesnik95,1.00,0.0002
akatsuki,1.00,0.0002
0202,1.00,0.0002
wcx,1.00,0.0002
jawalker20,1.00,0.0002
jawalker,1.00,0.0002
1686,1.00,0.0002
cas6136,1.00,0.0002
6136,1.00,0.0002
dwaine,1.00,0.0002
pete,1.00,0.0002
ryanr,1.00,0.0002
ostrumg,1.00,0.0002
mckayla,1.00,0.0002
tinabrown,1.00,0.0002
tinabrown10,1.00,0.0002
naidudsp,1.00,0.0002
681,1.00,0.0002
srinivas,1.00,0.0002
serenity1984,1.00,0.0002
serenity,1.00,0.0002
go1on1,1.00,0.0002
1on,1.00,0.0002
rensley,1.00,0.0002
1427,1.00,0.0002
shabana,1.00,0.0002
73837,1.00,0.0002
yolycher,1.00,0.0002
5774,1.00,0.0002
emf,1.00,0.0002
emf55,1.00,0.0002
birgits,1.00,0.0002
jesilyn,1.00,0.0002
leerosa,1.00,0.0002
0720,1.00,0.0002
joies,1.00,0.0002
2479,1.00,0.0002
shellea,1.00,0.0002
shellea722,1.00,0.0002
pa,1.00,0.0002
12845,1.00,0.0002
4458,1.00,0.0002
smart4458,1.00,0.0002
smart,1.00,0.0002
bhandari,1.00,0.0002
9966,1.00,0.0002
lcg,1.00,0.0002
gopal123,1.00,0.0002
sankar,1.00,0.0002
khalil,1.00,0.0002
kittylover,1.00,0.0002
blastoise,1.00,0.0002
sompra,1.00,0.0002
83057,1.00,0.0002
denis,1.00,0.0002
denis83057,1.00,0.0002
102385,1.00,0.0002
dinakaran,1.00,0.0002
dell,1.00,0.0002
kimschofield,1.00,0.0002
bekki,1.00,0.0002
5272,1.00,0.0002
7771,1.00,0.0002
vince,1.00,0.0002
kawaun,1.00,0.0002
198224,1.00,0.0002
cleaning,1.00,0.0002
60629,1.00,0.0002
670,1.00,0.0002
anshu,1.00,0.0002
1399,1.00,0.0002
nitesh,1.00,0.0002
nishatalia,1.00,0.0002
ayang,1.00,0.0002
unik,1.00,0.0002
kriordan,1.00,0.0002
chauhan,1.00,0.0002
livingirony,1.00,0.0002
kenneth,1.00,0.0002
melissadawn,1.00,0.0002
mcp,1.00,0.0002
lilbitadis,1.00,0.0002
mlopez,1.00,0.0002
marjorie,1.00,0.0002
570,1.00,0.0002
0322,1.00,0.0002
mosswa,1.00,0.0002
denipy,1.00,0.0002
zaphod,1.00,0.0002
asap,1.00,0.0002
papabear,1.00,0.0002
ballplayer,1.00,0.0002
smithbc,1.00,0.0002
smithbc1,1.00,0.0002
asiarue,1.00,0.0002
oz,1.00,0.0002
truong,1.00,0.0002
beardog,1.00,0.0002
katey,1.00,0.0002
izuobialor,1.00,0.0002
amitalam,1.00,0.0002
1208,1.00,0.0002
kkp,1.00,0.0002
282,1.00,0.0002
gidut2008,1.00,0.0002
gidut,1.00,0.0002
iwriteforfun,1.00,0.0002
5623,1.00,0.0002
alegnat,1.00,0.0002
507,1.00,0.0002
travmar,1.00,0.0002
najmi,1.00,0.0002
najmi2003,1.00,0.0002
dopamine,1.00,0.0002
0988,1.00,0.0002
bmx,1.00,0.0002
hzm,1.00,0.0002
5417,1.00,0.0002
audge,1.00,0.0002
audge716,1.00,0.0002
jsxmotor,1.00,0.0002
rhybro,1.00,0.0002
markmel,1.00,0.0002
techie2419,1.00,0.0002
2419,1.00,0.0002
otatade,1.00,0.0002
bmboup,1.00,0.0002
3g,1.00,0.0002
hinhaber,1.00,0.0002
fiuleaters,1.00,0.0002
2110,1.00,0.0002
benitomdel,1.00,0.0002
sscheg,1.00,0.0002
amillion,1.00,0.0002
mirlene,1.00,0.0002
mirlene32,1.00,0.0002
nuke,1.00,0.0002
7a,1.00,0.0002
badadreanna,1.00,0.0002
goswami,1.00,0.0002
fikry,1.00,0.0002
cristian,1.00,0.0002
3188,1.00,0.0002
schinem,1.00,0.0002
hendy,1.00,0.0002
hassan731,1.00,0.0002
731,1.00,0.0002
2080,1.00,0.0002
malcolm,1.00,0.0002
526,1.00,0.0002
oad1963,1.00,0.0002
oad,1.00,0.0002
youngmoney,1.00,0.0002
4387,1.00,0.0002
3rdeye,1.00,0.0002
charger,1.00,0.0002
xtreme,1.00,0.0002
video,1.00,0.0002
delmean,1.00,0.0002
stumpedia,1.00,0.0002
tilton,1.00,0.0002
4410,1.00,0.0002
kev4410,1.00,0.0002
teewall,1.00,0.0002
lovesheikh,1.00,0.0002
1626,1.00,0.0002
1185,1.00,0.0002
lu,1.00,0.0002
tredly,1.00,0.0002
tredly18,1.00,0.0002
jeanniejames,1.00,0.0002
jaquan,1.00,0.0002
violica,1.00,0.0002
zyech,1.00,0.0002
42069,1.00,0.0002
473,1.00,0.0002
moshe,1.00,0.0002
musicbrain,1.00,0.0002
skyblue,1.00,0.0002
meluhknee,1.00,0.0002
arzelle_13,1.00,0.0002
sachintha,1.00,0.0002
abunoor,1.00,0.0002
laniba,1.00,0.0002
903,1.00,0.0002
rukon,1.00,0.0002
683,1.00,0.0002
0430,1.00,0.0002
dtrujillo,1.00,0.0002
0512,1.00,0.0002
meas,1.00,0.0002
zspicer,1.00,0.0002
5987,1.00,0.0002
zspicer5987,1.00,0.0002
cesque,1.00,0.0002
sweetie,1.00,0.0002
fridge,1.00,0.0002
fridge2305,1.00,0.0002
2305,1.00,0.0002
costeacher,1.00,0.0002
rmck,1.00,0.0002
fortknox,1.00,0.0002
cynthia,1.00,0.0002
nee,1.00,0.0002
nee08,1.00,0.0002
phan_nee08,1.00,0.0002
phan,1.00,0.0002
utiesagay,1.00,0.0002
utiesagay01,1.00,0.0002
purityfun,1.00,0.0002
inthi,1.00,0.0002
shiloh106,1.00,0.0002
tamsha,1.00,0.0002
tamsha2,1.00,0.0002
5dragon,1.00,0.0002
cyber5dragon,1.00,0.0002
lollakas,1.00,0.0002
newpaltz,1.00,0.0002
jacelynnmeed,1.00,0.0002
hamad,1.00,0.0002
5531,1.00,0.0002
jggp,1.00,0.0002
wytenoiz,1.00,0.0002
junkay,1.00,0.0002
concorde,1.00,0.0002
jvrobles,1.00,0.0002
3476,1.00,0.0002
jolicat,1.00,0.0002
valette,1.00,0.0002
valette61,1.00,0.0002
bugggena,1.00,0.0002
5603,1.00,0.0002
big,1.00,0.0002
bird,1.00,0.0002
big67bird,1.00,0.0002
zenith,1.00,0.0002
submaker,1.00,0.0002
rotties,1.00,0.0002
2332,1.00,0.0002
sgar,1.00,0.0002
rithy,1.00,0.0002
shveta,1.00,0.0002
090,1.00,0.0002
lasalle,1.00,0.0002
rmdrc,1.00,0.0002
onspecial,1.00,0.0002
3496,1.00,0.0002
tiggos1,1.00,0.0002
tiggos,1.00,0.0002
8991,1.00,0.0002
alistair,1.00,0.0002
kathyroberts,1.00,0.0002
2919,1.00,0.0002
kids,1.00,0.0002
snyder,1.00,0.0002
pjs,1.00,0.0002
sofie,1.00,0.0002
martz,1.00,0.0002
ksigler,1.00,0.0002
vujke82,1.00,0.0002
vujke,1.00,0.0002
sahoo,1.00,0.0002
847,1.00,0.0002
saksena,1.00,0.0002
dfprichard,1.00,0.0002
8483,1.00,0.0002
syadew,1.00,0.0002
9906,1.00,0.0002
whydah,1.00,0.0002
avenged,1.00,0.0002
shark,1.00,0.0002
3364,1.00,0.0002
arhonda,1.00,0.0002
snhz,1.00,0.0002
xayaale,1.00,0.0002
prdtr,1.00,0.0002
farel,1.00,0.0002
whitlock,1.00,0.0002
siplen,1.00,0.0002
ansarient,1.00,0.0002
redwoof,1.00,0.0002
0137,1.00,0.0002
healthcare,1.00,0.0002
ddasilva,1.00,0.0002
7683,1.00,0.0002
nina7683,1.00,0.0002
temple,1.00,0.0002
prayer,1.00,0.0002
patriots,1.00,0.0002
5424,1.00,0.0002
belleotis,1.00,0.0002
homer1511,1.00,0.0002
2873,1.00,0.0002
arzelle_17,1.00,0.0002
edb,1.00,0.0002
markpermejo,1.00,0.0002
hrbyclr,1.00,0.0002
zegna,1.00,0.0002
samuel,1.00,0.0002
calvin,1.00,0.0002
lanachka,1.00,0.0002
chevelle,1.00,0.0002
marist,1.00,0.0002
jasonkoshy,1.00,0.0002
1171,1.00,0.0002
bkupe,1.00,0.0002
bkupe18,1.00,0.0002
guajira,1.00,0.0002
greenwood,1.00,0.0002
jnplanty,1.00,0.0002
katsuru,1.00,0.0002
paff,1.00,0.0002
9876,1.00,0.0002
9875,1.00,0.0002
9872,1.00,0.0002
9871,1.00,0.0002
9870,1.00,0.0002
9869,1.00,0.0002
9868,1.00,0.0002
9867,1.00,0.0002
psychic,1.00,0.0002
dwooters,1.00,0.0002
dwooters989,1.00,0.0002
jeniv,1.00,0.0002
dettie,1.00,0.0002
mardianto,1.00,0.0002
ajf,1.00,0.0002
rematiptop,1.00,0.0002
tbarti,1.00,0.0002
esaroma,1.00,0.0002
roslan,1.00,0.0002
delperh,1.00,0.0002
mokman,1.00,0.0002
gomilico,1.00,0.0002
kdbeds,1.00,0.0002
babu,1.00,0.0002
tania,1.00,0.0002
rheanna423,1.00,0.0002
rheanna,1.00,0.0002
mikygreen,1.00,0.0002
rhiworks,1.00,0.0002
bmjut247,1.00,0.0002
mrphoton,1.00,0.0002
ag,1.00,0.0002
robyn,1.00,0.0002
johnnymo,1.00,0.0002
05121378,1.00,0.0002
knaufm,1.00,0.0002
venturecd,1.00,0.0002
melvin,1.00,0.0002
sudipto,1.00,0.0002
5rr,1.00,0.0002
am5rr1,1.00,0.0002
annieabitbol,1.00,0.0002
sls,1.00,0.0002
tb,1.00,0.0002
eyu,1.00,0.0002
katnger,1.00,0.0002
newb,1.00,0.0002
sigrun,1.00,0.0002
6996,1.00,0.0002
anthony,1.00,0.0002
force,1.00,0.0002
tyreed,1.00,0.0002
johnlennon,1.00,0.0002
haniff,1.00,0.0002
val,1.00,0.0002
val013,1.00,0.0002
chippac,1.00,0.0002
archenki,1.00,0.0002
9149,1.00,0.0002
beckhem,1.00,0.0002
dekyah,1.00,0.0002
mabes,1.00,0.0002
kiana,1.00,0.0002
brandiladd,1.00,0.0002
malcomjrjr,1.00,0.0002
954,1.00,0.0002
shelia,1.00,0.0002
bunny,1.00,0.0002
3290,1.00,0.0002
kjt112070,1.00,0.0002
112070,1.00,0.0002
kjt,1.00,0.0002
source1ne,1.00,0.0002
source,1.00,0.0002
quest,1.00,0.0002
5825,1.00,0.0002
egandos,1.00,0.0002
reynard,1.00,0.0002
jwjt,1.00,0.0002
jonsson,1.00,0.0002
reachmariah,1.00,0.0002
kanthi,1.00,0.0002
scout,1.00,0.0002
scout01,1.00,0.0002
beanie,1.00,0.0002
viju,1.00,0.0002
tacdeg,1.00,0.0002
emanu,1.00,0.0002
miami,1.00,0.0002
dkcnews,1.00,0.0002
virgomom,1.00,0.0002
takiyah,1.00,0.0002
bribri,1.00,0.0002
gemski,1.00,0.0002
papercheck,1.00,0.0002
5592,1.00,0.0002
montroy,1.00,0.0002
81157,1.00,0.0002
3rn,1.00,0.0002
4lsuff,1.00,0.0002
et,1.00,0.0002
gisele,1.00,0.0002
slazarz76,1.00,0.0002
slazarz,1.00,0.0002
jnaeem,1.00,0.0002
crabj,1.00,0.0002
tchw,1.00,0.0002
tchw1,1.00,0.0002
michal,1.00,0.0002
221987,1.00,0.0002
warriors,1.00,0.0002
greigg,1.00,0.0002
mfj,1.00,0.0002
aquiallard,1.00,0.0002
watchman,1.00,0.0002
watchman4851,1.00,0.0002
4851,1.00,0.0002
tito,1.00,0.0002
rebenky,1.00,0.0002
philnsand,1.00,0.0002
dottie,1.00,0.0002
derick,1.00,0.0002
jahlilbush,1.00,0.0002
lewis,1.00,0.0002
astrofortune,1.00,0.0002
ilaokts,1.00,0.0002
071,1.00,0.0002
reese123,1.00,0.0002
reese,1.00,0.0002
rocketmail,1.00,0.0002
1130,1.00,0.0002
kathy,1.00,0.0002
danhillisdc,1.00,0.0002
73089,1.00,0.0002
1081,1.00,0.0002
tnytec,1.00,0.0002
jukeboxdcb,1.00,0.0002
xlemon,1.00,0.0002
xlemon_ua,1.00,0.0002
soda,1.00,0.0002
genta,1.00,0.0002
evo,1.00,0.0002
cuddlesj,1.00,0.0002
anthonyl,1.00,0.0002
chhavi,1.00,0.0002
1008,1.00,0.0002
mark68dec,1.00,0.0002
4293,1.00,0.0002
272,1.00,0.0002
jrj,1.00,0.0002
outlet,1.00,0.0002
cubreporters,1.00,0.0002
stevenxu,1.00,0.0002
rais,1.00,0.0002
3619,1.00,0.0002
bupper,1.00,0.0002
gaubatz,1.00,0.0002
murad,1.00,0.0002
richwebb,1.00,0.0002
iccrents,1.00,0.0002
lwong,1.00,0.0002
1518,1.00,0.0002
285,1.00,0.0002
mun18,1.00,0.0002
chun,1.00,0.0002
mun,1.00,0.0002
chun_mun18,1.00,0.0002
action,1.00,0.0002
therebis,1.00,0.0002
2260,1.00,0.0002
zakuan,1.00,0.0002
sakhile,1.00,0.0002
kimcorder,1.00,0.0002
1238,1.00,0.0002
unni,1.00,0.0002
rnsshrm,1.00,0.0002
lipsigprice,1.00,0.0002
9888,1.00,0.0002
sasanjoy,1.00,0.0002
8175262,1.00,0.0002
icemaiden,1.00,0.0002
brendan,1.00,0.0002
owens,1.00,0.0002
g39owens,1.00,0.0002
at,1.00,0.0002
lizard,1.00,0.0002
024,1.00,0.0002
sexy69,1.00,0.0002
atfuzz,1.00,0.0002
shad,1.00,0.0002
biz,1.00,0.0002
25104913,1.00,0.0002
logan1024,1.00,0.0002
bobf104,1.00,0.0002
bobf,1.00,0.0002
msj528,1.00,0.0002
msj,1.00,0.0002
arepeace,1.00,0.0002
sur,1.00,0.0002
dominick,1.00,0.0002
dexterity,1.00,0.0002
319951,1.00,0.0002
rsan,1.00,0.0002
rsan319951,1.00,0.0002
apar,1.00,0.0002
garyharte,1.00,0.0002
6067,1.00,0.0002
sethmith,1.00,0.0002
381,1.00,0.0002
gaurav_cse12,1.00,0.0002
cse12,1.00,0.0002
cse,1.00,0.0002
scsa,1.00,0.0002
scsa1000,1.00,0.0002
dubfunk98,1.00,0.0002
dubfunk,1.00,0.0002
ashok,1.00,0.0002
trenna,1.00,0.0002
123000,1.00,0.0002
cnn,1.00,0.0002
cnn123000,1.00,0.0002
getfaster,1.00,0.0002
lesgurl,1.00,0.0002
naim,1.00,0.0002
mahlik,1.00,0.0002
bilbo,1.00,0.0002
myvi,1.00,0.0002
jkccox,1.00,0.0002
ntxhais,1.00,0.0002
madison,1.00,0.0002
lebr,1.00,0.0002
cdcass,1.00,0.0002
hanus,1.00,0.0002
norma,1.00,0.0002
dhamo_2007,1.00,0.0002
dhamo,1.00,0.0002
shobhitm,1.00,0.0002
1924,1.00,0.0002
80129,1.00,0.0002
salimcox,1.00,0.0002
hbgusa,1.00,0.0002
barry,1.00,0.0002
benjamin,1.00,0.0002
hugeroi,1.00,0.0002
wes,1.00,0.0002
melissas,1.00,0.0002
melissas74,1.00,0.0002
uduebho,1.00,0.0002
xraychen,1.00,0.0002
universe,1.00,0.0002
kmicheal66,1.00,0.0002
kmicheal,1.00,0.0002
lachula,1.00,0.0002
lachula93,1.00,0.0002
dame,1.00,0.0002
474,1.00,0.0002
robinette,1.00,0.0002
yu,1.00,0.0002
dental,1.00,0.0002
skincare,1.00,0.0002
clover,1.00,0.0002
shiela,1.00,0.0002
2412,1.00,0.0002
1806,1.00,0.0002
4844,1.00,0.0002
mymoh,1.00,0.0002
1517501,1.00,0.0002
mymoh1517501,1.00,0.0002
mnisi,1.00,0.0002
kris,1.00,0.0002
astawadw,1.00,0.0002
patriot,1.00,0.0002
strapjacket,1.00,0.0002
dupre2536,1.00,0.0002
dupre,1.00,0.0002
2536,1.00,0.0002
goofy,1.00,0.0002
winnerlines,1.00,0.0002
natalija,1.00,0.0002
tford,1.00,0.0002
jshir,1.00,0.0002
proverbs,1.00,0.0002
1999,1.00,0.0002
becca,1.00,0.0002
figment,1.00,0.0002
sherry,1.00,0.0002
mystripclubs,1.00,0.0002
nsk,1.00,0.0002
mnutty,1.00,0.0002
cianie,1.00,0.0002
adioscaspa,1.00,0.0002
jaky,1.00,0.0002
edl,1.00,0.0002
lilroro,1.00,0.0002
alisajid,1.00,0.0002
kb,1.00,0.0002
tenpourng,1.00,0.0002
landrick,1.00,0.0002
travis2954,1.00,0.0002
2954,1.00,0.0002
travis,1.00,0.0002
abui,1.00,0.0002
8811,1.00,0.0002
flyagi,1.00,0.0002
dano,1.00,0.0002
remax,1.00,0.0002
8985,1.00,0.0002
judykday,1.00,0.0002
sliconin,1.00,0.0002
ordo,1.00,0.0002
ordo6502,1.00,0.0002
6502,1.00,0.0002
expressions,1.00,0.0002
chosen,1.00,0.0002
1908,1.00,0.0002
kreiger,1.00,0.0002
bradwalsh,1.00,0.0002
nz,1.00,0.0002
jallox,1.00,0.0002
pintu,1.00,0.0002
lake,1.00,0.0002
vcu,1.00,0.0002
vamsee,1.00,0.0002
vamsee4747,1.00,0.0002
bmonroe,1.00,0.0002
rice7821,1.00,0.0002
7821,1.00,0.0002
0808,1.00,0.0002
roadhog,1.00,0.0002
krishna,1.00,0.0002
19934,1.00,0.0002
martine,1.00,0.0002
vashdastamp,1.00,0.0002
weather,1.00,0.0002
bclark,1.00,0.0002
1466,1.00,0.0002
leora,1.00,0.0002
5300,1.00,0.0002
1075,1.00,0.0002
silvervessle,1.00,0.0002
jellogreen,1.00,0.0002
jellogreen99,1.00,0.0002
tomi,1.00,0.0002
munna,1.00,0.0002
dsheena,1.00,0.0002
dsheena777,1.00,0.0002
elizatana,1.00,0.0002
foxx,1.00,0.0002
33064,1.00,0.0002
mymiea,1.00,0.0002
newcleon,1.00,0.0002
wolohorns,1.00,0.0002
1940,1.00,0.0002
ednave,1.00,0.0002
cn,1.00,0.0002
662,1.00,0.0002
schwartz,1.00,0.0002
7471,1.00,0.0002
0987,1.00,0.0002
hisham,1.00,0.0002
luntian,1.00,0.0002
0462,1.00,0.0002
wian,1.00,0.0002
wian0462,1.00,0.0002
generasi,1.00,0.0002
bantu,1.00,0.0002
chivi,1.00,0.0002
twciv,1.00,0.0002
hithard,1.00,0.0002
12105,1.00,0.0002
jjqqyy,1.00,0.0002
dothacker,1.00,0.0002
alan,1.00,0.0002
redplum,1.00,0.0002
kinley,1.00,0.0002
igbteam,1.00,0.0002
hailie,1.00,0.0002
61693,1.00,0.0002
hailie61693,1.00,0.0002
blade6,1.00,0.0002
sae,1.00,0.0002
va,1.00,0.0002
budis,1.00,0.0002
boots,1.00,0.0002
33210,1.00,0.0002
862,1.00,0.0002
9862,1.00,0.0002
bad-boy-430,1.00,0.0002
430,1.00,0.0002
feldmanlaw,1.00,0.0002
callies,1.00,0.0002
process,1.00,0.0002
sanchez,1.00,0.0002
silksays,1.00,0.0002
kelvinyjr,1.00,0.0002
bush,1.00,0.0002
3114,1.00,0.0002
lovingchap,1.00,0.0002
girlmunday,1.00,0.0002
carrotboy,1.00,0.0002
carrotboy111,1.00,0.0002
johedep,1.00,0.0002
near,1.00,0.0002
jlh,1.00,0.0002
1507,1.00,0.0002
slickg,1.00,0.0002
akhun,1.00,0.0002
1017,1.00,0.0002
bm,1.00,0.0002
chewdogger,1.00,0.0002
chewdogger11,1.00,0.0002
danitaber,1.00,0.0002
grinsites,1.00,0.0002
chunter26,1.00,0.0002
chunter,1.00,0.0002
tcrappa,1.00,0.0002
tcrappa2,1.00,0.0002
112879,1.00,0.0002
rudra,1.00,0.0002
1182,1.00,0.0002
nixon,1.00,0.0002
kaidense,1.00,0.0002
maui,1.00,0.0002
colosso4,1.00,0.0002
colosso,1.00,0.0002
jujodavis,1.00,0.0002
dlyn,1.00,0.0002
sallach,1.00,0.0002
perry,1.00,0.0002
burton,1.00,0.0002
0919,1.00,0.0002
oakley,1.00,0.0002
dogg400,1.00,0.0002
dogg,1.00,0.0002
ja,1.00,0.0002
rerora112,1.00,0.0002
rerora,1.00,0.0002
abha,1.00,0.0002
suprabha,1.00,0.0002
sarimah,1.00,0.0002
772,1.00,0.0002
leteciap772,1.00,0.0002
leteciap,1.00,0.0002
duchess,1.00,0.0002
8punk,1.00,0.0002
manpj,1.00,0.0002
123321,1.00,0.0002
drlima,1.00,0.0002
m91019552,1.00,0.0002
91019552,1.00,0.0002
natypabi,1.00,0.0002
cato,1.00,0.0002
pinkdoodle,1.00,0.0002
zi,1.00,0.0002
brunken,1.00,0.0002
sebastian,1.00,0.0002
7813,1.00,0.0002
zarg,1.00,0.0002
chavez,1.00,0.0002
9988,1.00,0.0002
2321,1.00,0.0002
tiarenee,1.00,0.0002
pushan,1.00,0.0002
jupiter,1.00,0.0002
wjt,1.00,0.0002
1314,1.00,0.0002
4679,1.00,0.0002
izraelone,1.00,0.0002
1423,1.00,0.0002
sugan,1.00,0.0002
denicecrg,1.00,0.0002
198,1.00,0.0002
bamonti,1.00,0.0002
0117,1.00,0.0002
bamonti0117,1.00,0.0002
sithprit,1.00,0.0002
sullivanj,1.00,0.0002
sullivanj67,1.00,0.0002
damodar,1.00,0.0002
aghil,1.00,0.0002
dimce,1.00,0.0002
webster,1.00,0.0002
lynn,1.00,0.0002
9008416354,1.00,0.0002
fairy,1.00,0.0002
cmykgo,1.00,0.0002
sepehrdad,1.00,0.0002
bhavnasud,1.00,0.0002
gbfotos,1.00,0.0002
2534,1.00,0.0002
trendy,1.00,0.0002
valeria,1.00,0.0002
franklin,1.00,0.0002
wuttke,1.00,0.0002
kundenny,1.00,0.0002
daylanter,1.00,0.0002
donahower,1.00,0.0002
bluto,1.00,0.0002
2202,1.00,0.0002
mexicools,1.00,0.0002
dk,1.00,0.0002
jeloy17,1.00,0.0002
jeloy,1.00,0.0002
2525,1.00,0.0002
k1r5ty21,1.00,0.0002
1r,1.00,0.0002
5ty,1.00,0.0002
0050,1.00,0.0002
fuzzbox,1.00,0.0002
sandokai,1.00,0.0002
forgiveme,1.00,0.0002
2457,1.00,0.0002
2ridiculous,1.00,0.0002
iosif,1.00,0.0002
ramya,1.00,0.0002
soumya,1.00,0.0002
kristap,1.00,0.0002
0862,1.00,0.0002
tr93ee,1.00,0.0002
kbishop,1.00,0.0002
pavan,1.00,0.0002
mlh,1.00,0.0002
anony,1.00,0.0002
1520,1.00,0.0002
aljamel,1.00,0.0002
jwa,1.00,0.0002
9968,1.00,0.0002
5294,1.00,0.0002
52909130,1.00,0.0002
qq,1.00,0.0002
pottukani,1.00,0.0002
abhinav,1.00,0.0002
gf,1.00,0.0002
brankovic,1.00,0.0002
461617,1.00,0.0002
s461617,1.00,0.0002
dustin,1.00,0.0002
smitty,1.00,0.0002
sizr,1.00,0.0002
5811,1.00,0.0002
commodity,1.00,0.0002
saulgarcia29,1.00,0.0002
saulgarcia,1.00,0.0002
mikefoster,1.00,0.0002
bicadaniel,1.00,0.0002
homer444s,1.00,0.0002
jentn2000,1.00,0.0002
jentn,1.00,0.0002
asmadi,1.00,0.0002
nadiah,1.00,0.0002
nygiants,1.00,0.0002
skater,1.00,0.0002
shyina,1.00,0.0002
manolipe,1.00,0.0002
pickles,1.00,0.0002
3441,1.00,0.0002
devdutt,1.00,0.0002
xxgts1,1.00,0.0002
xxgts,1.00,0.0002
lfhodges,1.00,0.0002
josephjj,1.00,0.0002
richarda76,1.00,0.0002
richarda,1.00,0.0002
upd,1.00,0.0002
woodwork,1.00,0.0002
zookie95,1.00,0.0002
zookie,1.00,0.0002
1720,1.00,0.0002
3360,1.00,0.0002
dannyboy1511,1.00,0.0002
dannyboy,1.00,0.0002
uhn,1.00,0.0002
waterbaby,1.00,0.0002
ashis,1.00,0.0002
ddtpm,1.00,0.0002
ddtpm123,1.00,0.0002
jn,1.00,0.0002
bengals,1.00,0.0002
idangung,1.00,0.0002
andza325,1.00,0.0002
andza,1.00,0.0002
rajeshwary,1.00,0.0002
talissais,1.00,0.0002
ram,1.00,0.0002
arlica,1.00,0.0002
sreedevi,1.00,0.0002
norbert,1.00,0.0002
8510,1.00,0.0002
missjewel,1.00,0.0002
rizal_159,1.00,0.0002
rizal,1.00,0.0002
taruna1265,1.00,0.0002
taruna,1.00,0.0002
west,1.00,0.0002
gbolly,1.00,0.0002
balajicivil,1.00,0.0002
jhassnelson,1.00,0.0002
ostebo,1.00,0.0002
32115,1.00,0.0002
kedwards,1.00,0.0002
sangeet,1.00,0.0002
grimes,1.00,0.0002
sharda,1.00,0.0002
kalpana,1.00,0.0002
rajkhowa,1.00,0.0002
4637,1.00,0.0002
tuilou,1.00,0.0002
priyanthy,1.00,0.0002
ryanbush,1.00,0.0002
razzv,1.00,0.0002
razzv3,1.00,0.0002
sophia,1.00,0.0002
minky,1.00,0.0002
nitasha,1.00,0.0002
sheetal,1.00,0.0002
petru,1.00,0.0002
shilpa,1.00,0.0002
dz,1.00,0.0002
sharmila,1.00,0.0002
shmncbanks,1.00,0.0002
8201,1.00,0.0002
ziad,1.00,0.0002
5821,1.00,0.0002
midomoo,1.00,0.0002
marilynn,1.00,0.0002
roseanna,1.00,0.0002
kmcnich,1.00,0.0002
poem,1.00,0.0002
0409,1.00,0.0002
mondraker,1.00,0.0002
mehmet,1.00,0.0002
phillips,1.00,0.0002
sdfsdf,1.00,0.0002
jerry,1.00,0.0002
0601,1.00,0.0002
ronald,1.00,0.0002
talmadge,1.00,0.0002
sauceman420,1.00,0.0002
sauceman,1.00,0.0002
mashubi,1.00,0.0002
ragini,1.00,0.0002
sundiver,1.00,0.0002
broyles,1.00,0.0002
desintl,1.00,0.0002
240,1.00,0.0002
karan,1.00,0.0002
jelusich,1.00,0.0002
buntz,1.00,0.0002
deepak,1.00,0.0002
kundu,1.00,0.0002
kramer5,1.00,0.0002
kramer,1.00,0.0002
memefriend,1.00,0.0002
memefriend66,1.00,0.0002
dogface,1.00,0.0002
wulfman76,1.00,0.0002
wulfman,1.00,0.0002
pradhyuman,1.00,0.0002
2373,1.00,0.0002
nadeem,1.00,0.0002
killer,1.00,0.0002
tombass25,1.00,0.0002
wanjuki,1.00,0.0002
2kids,1.00,0.0002
karishma,1.00,0.0002
piali,1.00,0.0002
azudoz,1.00,0.0002
uknumber,1.00,0.0002
uknumber4u,1.00,0.0002
erkg,1.00,0.0002
brynsw,1.00,0.0002
0l,1.00,0.0002
rapee,1.00,0.0002
wzhhua,1.00,0.0002
globalsources,1.00,0.0002
jiffy,1.00,0.0002
5877,1.00,0.0002
hsmart,1.00,0.0002
hsmart5877,1.00,0.0002
killmybills,1.00,0.0002
gari,1.00,0.0002
0906,1.00,0.0002
elmolive,1.00,0.0002
37066,1.00,0.0002
cw,1.00,0.0002
ceri,1.00,0.0002
embraer,1.00,0.0002
normcraft,1.00,0.0002
finnewsuk,1.00,0.0002
zango1000,1.00,0.0002
zango,1.00,0.0002
tigerprincess,1.00,0.0002
rumstubby,1.00,0.0002
hnpepe,1.00,0.0002
falco,1.00,0.0002
1166,1.00,0.0002
2638,1.00,0.0002
0721,1.00,0.0002
sheldongordon,1.00,0.0002
2550,1.00,0.0002
kerry213,1.00,0.0002
tennika,1.00,0.0002
nwalsh,1.00,0.0002
hesco,1.00,0.0002
angiec1977,1.00,0.0002
angiec,1.00,0.0002
raidmax,1.00,0.0002
49507,1.00,0.0002
lakerzfan,1.00,0.0002
681985,1.00,0.0002
dipak681985,1.00,0.0002
dipak,1.00,0.0002
dipayan,1.00,0.0002
chantelvr,1.00,0.0002
23805,1.00,0.0002
faith,1.00,0.0002
martialfights,1.00,0.0002
ichi,1.00,0.0002
heroes,1.00,0.0002
jacklee,1.00,0.0002
avelynn,1.00,0.0002
rul,1.00,0.0002
hsoccer,1.00,0.0002
hsoccer10,1.00,0.0002
hefind,1.00,0.0002
vysakh,1.00,0.0002
adad,1.00,0.0002
daisy-ray89,1.00,0.0002
ray89,1.00,0.0002
dodi,1.00,0.0002
notpmoc,1.00,0.0002
1326,1.00,0.0002
lonnie,1.00,0.0002
killaj,1.00,0.0002
boston,1.00,0.0002
mrt,1.00,0.0002
7692687,1.00,0.0002
kjnfdbio,1.00,0.0002
kjnfdbio74,1.00,0.0002
76067,1.00,0.0002
kime,1.00,0.0002
kime10,1.00,0.0002
684,1.00,0.0002
santy,1.00,0.0002
champlain,1.00,0.0002
aovhelp,1.00,0.0002
anchan64,1.00,0.0002
anchan,1.00,0.0002
lior,1.00,0.0002
3752,1.00,0.0002
franz,1.00,0.0002
franz0079,1.00,0.0002
0079,1.00,0.0002
poseidon,1.00,0.0002
stickooo,1.00,0.0002
bui,1.00,0.0002
kalyan,1.00,0.0002
leecrellin,1.00,0.0002
krystalyoung,1.00,0.0002
cane,1.00,0.0002
extazis,1.00,0.0002
sheila,1.00,0.0002
wessie,1.00,0.0002
3112,1.00,0.0002
nisa,1.00,0.0002
shankar,1.00,0.0002
devious,1.00,0.0002
devious19,1.00,0.0002
anjutkin,1.00,0.0002
anjutkin1980,1.00,0.0002
raymondr1,1.00,0.0002
raymondr,1.00,0.0002
ike400,1.00,0.0002
fortytwo,1.00,0.0002
ifusion,1.00,0.0002
197929,1.00,0.0002
keylo,1.00,0.0002
keylo197929,1.00,0.0002
partner,1.00,0.0002
heartgems,1.00,0.0002
conor,1.00,0.0002
debbiel,1.00,0.0002
spance,1.00,0.0002
spance103,1.00,0.0002
surfea,1.00,0.0002
mrsolanki,1.00,0.0002
minique,1.00,0.0002
300187,1.00,0.0002
leland1,1.00,0.0002
emilee78,1.00,0.0002
emilee,1.00,0.0002
lakhwara,1.00,0.0002
shyla,1.00,0.0002
0852,1.00,0.0002
sairam,1.00,0.0002
danedude,1.00,0.0002
maxi,1.00,0.0002
madx,1.00,0.0002
rbjllj,1.00,0.0002
696969,1.00,0.0002
yangli,1.00,0.0002
rep,1.00,0.0002
rep151,1.00,0.0002
453,1.00,0.0002
ciprian,1.00,0.0002
cissy,1.00,0.0002
3006,1.00,0.0002
dekadent,1.00,0.0002
umanakka,1.00,0.0002
nataka82259,1.00,0.0002
nataka,1.00,0.0002
whittier,1.00,0.0002
jesswaider,1.00,0.0002
mollyhair,1.00,0.0002
marklaing,1.00,0.0002
12003,1.00,0.0002
blwjth0410,1.00,0.0002
blwjth,1.00,0.0002
4294,1.00,0.0002
joshbell,1.00,0.0002
thumbelina,1.00,0.0002
110405,1.00,0.0002
4eve,1.00,0.0002
aya,1.00,0.0002
getpageone,1.00,0.0002
1281,1.00,0.0002
bubbie1281,1.00,0.0002
bubbie,1.00,0.0002
tjtheoni,1.00,0.0002
dwbratt,1.00,0.0002
dwbratt99,1.00,0.0002
4l,1.00,0.0002
putt,1.00,0.0002
dare,1.00,0.0002
diogisam,1.00,0.0002
cx,1.00,0.0002
mcmullen,1.00,0.0002
arnold,1.00,0.0002
krystalb,1.00,0.0002
50stang,1.00,0.0002
stang,1.00,0.0002
5055,1.00,0.0002
4mykala,1.00,0.0002
lo,1.00,0.0002
cartoonist,1.00,0.0002
520123,1.00,0.0002
meggrl,1.00,0.0002
asagarvats,1.00,0.0002
dbrownltd,1.00,0.0002
creator,1.00,0.0002
wealth2520,1.00,0.0002
wealth,1.00,0.0002
2520,1.00,0.0002
turdledove,1.00,0.0002
ktcap,1.00,0.0002
mexidan2000,1.00,0.0002
mexidan,1.00,0.0002
jsant,1.00,0.0002
liu,1.00,0.0002
yemenking,1.00,0.0002
1521,1.00,0.0002
placefusion,1.00,0.0002
3199,1.00,0.0002
bigd,1.00,0.0002
bigd61,1.00,0.0002
nkz1984,1.00,0.0002
nkz,1.00,0.0002
newpatients,1.00,0.0002
saba,1.00,0.0002
021483,1.00,0.0002
nani,1.00,0.0002
ghstriderz,1.00,0.0002
setu,1.00,0.0002
menard,1.00,0.0002
zmanel,1.00,0.0002
tnl,1.00,0.0002
avra,1.00,0.0002
jsalinski,1.00,0.0002
sparticuss,1.00,0.0002
sparticuss02,1.00,0.0002
add,1.00,0.0002
robes,1.00,0.0002
groupnex,1.00,0.0002
garg,1.00,0.0002
edward,1.00,0.0002
jahead,1.00,0.0002
241,1.00,0.0002
uchoose,1.00,0.0002
977,1.00,0.0002
shalet,1.00,0.0002
soojin,1.00,0.0002
xxx,1.00,0.0002
effina8284,1.00,0.0002
8284,1.00,0.0002
effina,1.00,0.0002
ketaketa,1.00,0.0002
158,1.00,0.0002
amp,1.00,0.0002
avrqcsab67,1.00,0.0002
avrqcsab,1.00,0.0002
2028,1.00,0.0002
manu,1.00,0.0002
oskar,1.00,0.0002
ewebzeal,1.00,0.0002
roush,1.00,0.0002
fatjokes,1.00,0.0002
jamesharper,1.00,0.0002
awesome,1.00,0.0002
maddox58,1.00,0.0002
6805,1.00,0.0002
yuri,1.00,0.0002
calle,1.00,0.0002
thannu,1.00,0.0002
merask,1.00,0.0002
asbyn,1.00,0.0002
skyway,1.00,0.0002
gyan,1.00,0.0002
jerzeegurl,1.00,0.0002
joie,1.00,0.0002
psalm,1.00,0.0002
0405,1.00,0.0002
anselm,1.00,0.0002
manimara,1.00,0.0002
altus,1.00,0.0002
qaz,1.00,0.0002
2048,1.00,0.0002
mehmood,1.00,0.0002
lorenzo,1.00,0.0002
kinpin,1.00,0.0002
travel,1.00,0.0002
stiansky,1.00,0.0002
extra,1.00,0.0002
joash,1.00,0.0002
ebemal,1.00,0.0002
jokenbob,1.00,0.0002
jokenbob3,1.00,0.0002
amygirl,1.00,0.0002
0011969,1.00,0.0002
rip0011969,1.00,0.0002
rosado,1.00,0.0002
mukund,1.00,0.0002
atiqah,1.00,0.0002
pre,1.00,0.0002
poeyank,1.00,0.0002
ramzi,1.00,0.0002
lchubtv,1.00,0.0002
srs,1.00,0.0002
master,1.00,0.0002
1911,1.00,0.0002
vkekjimps31,1.00,0.0002
vkekjimps,1.00,0.0002
joetmh,1.00,0.0002
artsupplies,1.00,0.0002
kelliehead03,1.00,0.0002
kelliehead,1.00,0.0002
jsmith,1.00,0.0002
havet,1.00,0.0002
eflofilms,1.00,0.0002
bemis,1.00,0.0002
vivoderm,1.00,0.0002
igraberto,1.00,0.0002
ristiko,1.00,0.0002
ntkl,1.00,0.0002
khalid2167,1.00,0.0002
2167,1.00,0.0002
goatfarm,1.00,0.0002
3425,1.00,0.0002
2carmen,1.00,0.0002
0622,1.00,0.0002
naveen,1.00,0.0002
fuckmymum,1.00,0.0002
coxmodel,1.00,0.0002
kaseydinkins,1.00,0.0002
roomsnet,1.00,0.0002
denisemkz,1.00,0.0002
chipper1322,1.00,0.0002
chipper,1.00,0.0002
madhavan,1.00,0.0002
akutzu,1.00,0.0002
aliaqat,1.00,0.0002
redorbit,1.00,0.0002
rg,1.00,0.0002
darkcloud,1.00,0.0002
darkcloud28,1.00,0.0002
newsforce,1.00,0.0002
jfer,1.00,0.0002
hehevans,1.00,0.0002
wolskerj,1.00,0.0002
ina,1.00,0.0002
kstray,1.00,0.0002
8588,1.00,0.0002
bescott,1.00,0.0002
0904,1.00,0.0002
frankie,1.00,0.0002
mahesa,1.00,0.0002
ain310929,1.00,0.0002
310929,1.00,0.0002
ain,1.00,0.0002
tedcraig,1.00,0.0002
mkaass,1.00,0.0002
marios,1.00,0.0002
arlene,1.00,0.0002
7254,1.00,0.0002
arlene7254,1.00,0.0002
0515,1.00,0.0002
davidsil,1.00,0.0002
slzm,1.00,0.0002
slzm86,1.00,0.0002
2383,1.00,0.0002
tosironkbd,1.00,0.0002
ibo,1.00,0.0002
jalanbk,1.00,0.0002
1456,1.00,0.0002
robi,1.00,0.0002
compassphs,1.00,0.0002
reneau,1.00,0.0002
four,1.00,0.0002
moneyfree19,1.00,0.0002
moneyfree,1.00,0.0002
anjoo,1.00,0.0002
11951,1.00,0.0002
lawrence,1.00,0.0002
lawrence30,1.00,0.0002
4523,1.00,0.0002
ebizpromo,1.00,0.0002
aqim,1.00,0.0002
melboy57,1.00,0.0002
melboy,1.00,0.0002
danee,1.00,0.0002
richey,1.00,0.0002
coolal,1.00,0.0002
goldsgym,1.00,0.0002
lingcong,1.00,0.0002
cst,1.00,0.0002
3158,1.00,0.0002
mbs,1.00,0.0002
niranjan,1.00,0.0002
agun,1.00,0.0002
ikosonic,1.00,0.0002
ondega,1.00,0.0002
cesc,1.00,0.0002
shipwreck,1.00,0.0002
nazurah90,1.00,0.0002
nazurah,1.00,0.0002
mathews,1.00,0.0002
alfian,1.00,0.0002
south,1.00,0.0002
tancinco,1.00,0.0002
9294,1.00,0.0002
happydays972,1.00,0.0002
happydays,1.00,0.0002
miracle,1.00,0.0002
pitlock,1.00,0.0002
autoferretjc,1.00,0.0002
dialga,1.00,0.0002
alia,1.00,0.0002
jumojas,1.00,0.0002
stewarts,1.00,0.0002
orlan,1.00,0.0002
internetgold,1.00,0.0002
vinodh,1.00,0.0002
chandra,1.00,0.0002
nzdealermail,1.00,0.0002
gervas,1.00,0.0002
sinbad,1.00,0.0002
rasbany,1.00,0.0002
kittens,1.00,0.0002
awbyh,1.00,0.0002
11226,1.00,0.0002
mtime,1.00,0.0002
lester,1.00,0.0002
lester23,1.00,0.0002
leanne,1.00,0.0002
safin,1.00,0.0002
loucks,1.00,0.0002
chemodanov,1.00,0.0002
hobbything,1.00,0.0002
2495278,1.00,0.0002
soman,1.00,0.0002
reynaldokey,1.00,0.0002
470,1.00,0.0002
yy,1.00,0.0002
kamal,1.00,0.0002
lanne,1.00,0.0002
louie,1.00,0.0002
1502,1.00,0.0002
cp,1.00,0.0002
fac,1.00,0.0002
6131958,1.00,0.0002
jrogers,1.00,0.0002
hampton,1.00,0.0002
1346,1.00,0.0002
db1346,1.00,0.0002
namu,1.00,0.0002
malihakhan,1.00,0.0002
4884,1.00,0.0002
nidhi,1.00,0.0002
areza,1.00,0.0002
bateson,1.00,0.0002
5632,1.00,0.0002
shanto,1.00,0.0002
rcw193,1.00,0.0002
rcw,1.00,0.0002
130192,1.00,0.0002
tiffums07,1.00,0.0002
tiffums,1.00,0.0002
jacquie,1.00,0.0002
sak,1.00,0.0002
sidthewhiz,1.00,0.0002
grainteam,1.00,0.0002
ewkfca,1.00,0.0002
anu,1.00,0.0002
sundayseodia,1.00,0.0002
derossi,1.00,0.0002
derossi1,1.00,0.0002
acsucks,1.00,0.0002
acsucks51,1.00,0.0002
graydst36,1.00,0.0002
graydst,1.00,0.0002
butttrumpet,1.00,0.0002
butttrumpet123,1.00,0.0002
sara62,1.00,0.0002
iksonic,1.00,0.0002
cash,1.00,0.0002
desai,1.00,0.0002
9178,1.00,0.0002
7253,1.00,0.0002
rakesh,1.00,0.0002
khairin,1.00,0.0002
ging,1.00,0.0002
nuwebber,1.00,0.0002
ackrusher,1.00,0.0002
mcs,1.00,0.0002
549523,1.00,0.0002
lindros,1.00,0.0002
chenxi,1.00,0.0002
sri,1.00,0.0002
osama,1.00,0.0002
julia,1.00,0.0002
anwar,1.00,0.0002
874,1.00,0.0002
oxygen,1.00,0.0002
destini20th,1.00,0.0002
destini,1.00,0.0002
chikmong,1.00,0.0002
job,1.00,0.0002
bayann,1.00,0.0002
aesteinke,1.00,0.0002
jamesnidorini,1.00,0.0002
8610,1.00,0.0002
udesh,1.00,0.0002
brcwlg,1.00,0.0002
brenneisnyc,1.00,0.0002
2142,1.00,0.0002
roncalder,1.00,0.0002
budeen,1.00,0.0002
somesh,1.00,0.0002
becky,1.00,0.0002
asmeen,1.00,0.0002
gaubavibhu,1.00,0.0002
burpee,1.00,0.0002
sonju,1.00,0.0002
sonju2,1.00,0.0002
myhome,1.00,0.0002
jordantours,1.00,0.0002
varsha,1.00,0.0002
sonja,1.00,0.0002
1757,1.00,0.0002
sapek,1.00,0.0002
582,1.00,0.0002
8093,1.00,0.0002
4k,1.00,0.0002
wtss,1.00,0.0002
faithful,1.00,0.0002
ridhwan,1.00,0.0002
6309,1.00,0.0002
4891,1.00,0.0002
dparmy,1.00,0.0002
pmck,1.00,0.0002
marvin,1.00,0.0002
jevans,1.00,0.0002
503807,1.00,0.0002
8956,1.00,0.0002
mqh,1.00,0.0002
mikul,1.00,0.0002
mikul515,1.00,0.0002
805213098,1.00,0.0002
faces,1.00,0.0002
faces2389,1.00,0.0002
fenia,1.00,0.0002
teddyedes,1.00,0.0002
assoum,1.00,0.0002
stomperf,1.00,0.0002
preg,1.00,0.0002
jaidus02,1.00,0.0002
jaidus,1.00,0.0002
willyw,1.00,0.0002
0nka,1.00,0.0002
ravi,1.00,0.0002
bbear,1.00,0.0002
bbear110,1.00,0.0002
chrispaul,1.00,0.0002
canina,1.00,0.0002
jenea,1.00,0.0002
4749,1.00,0.0002
shahzaeb,1.00,0.0002
redriver,1.00,0.0002
popina,1.00,0.0002
towergate,1.00,0.0002
kmzbroersma,1.00,0.0002
230974,1.00,0.0002
size,1.00,0.0002
niche,1.00,0.0002
bsu,1.00,0.0002
amshar,1.00,0.0002
andrey,1.00,0.0002
yiplin,1.00,0.0002
yiplin2009,1.00,0.0002
nohara9925,1.00,0.0002
9925,1.00,0.0002
nohara,1.00,0.0002
jaabl,1.00,0.0002
iftikhar,1.00,0.0002
lelettoa,1.00,0.0002
kendrajb52,1.00,0.0002
kendrajb,1.00,0.0002
casino,1.00,0.0002
bayu,1.00,0.0002
censor,1.00,0.0002
dragon,1.00,0.0002
maddix51,1.00,0.0002
maddix,1.00,0.0002
15041,1.00,0.0002
4124,1.00,0.0002
xstock,1.00,0.0002
tam,1.00,0.0002
dixiegirl,1.00,0.0002
2164,1.00,0.0002
felipe,1.00,0.0002
brasson,1.00,0.0002
brasson08,1.00,0.0002
cdowning,1.00,0.0002
cdowning13,1.00,0.0002
11492,1.00,0.0002
yxf,1.00,0.0002
kmbarrett,1.00,0.0002
june,1.00,0.0002
20041,1.00,0.0002
innovative,1.00,0.0002
medina,1.00,0.0002
srobac,1.00,0.0002
whcrharris,1.00,0.0002
mariaathena,1.00,0.0002
budi,1.00,0.0002
bintang,1.00,0.0002
moultrie,1.00,0.0002
hulunn,1.00,0.0002
nongkran,1.00,0.0002
kparker,1.00,0.0002
mihpr,1.00,0.0002
xl,1.00,0.0002
aryanlove,1.00,0.0002
mayank,1.00,0.0002
unavanora,1.00,0.0002
ardita,1.00,0.0002
4166,1.00,0.0002
inderpal,1.00,0.0002
ppjlabs,1.00,0.0002
morahshay11,1.00,0.0002
morahshay,1.00,0.0002
korab,1.00,0.0002
mrgstowers,1.00,0.0002
chrissie,1.00,0.0002
wu,1.00,0.0002
kumud,1.00,0.0002
jrwilber,1.00,0.0002
chadee,1.00,0.0002
1512,1.00,0.0002
kaitlyn,1.00,0.0002
2225,1.00,0.0002
10292,1.00,0.0002
angela10292,1.00,0.0002
jwsteen,1.00,0.0002
wendell,1.00,0.0002
hjcraft_love,1.00,0.0002
hjcraft,1.00,0.0002
pragun06,1.00,0.0002
pragun,1.00,0.0002
santanu,1.00,0.0002
robinrene,1.00,0.0002
4419,1.00,0.0002
7734,1.00,0.0002
8990,1.00,0.0002
meir_h,1.00,0.0002
meir,1.00,0.0002
tgamble,1.00,0.0002
0424,1.00,0.0002
ary,1.00,0.0002
vibhasingla,1.00,0.0002
rvan,1.00,0.0002
rvan109,1.00,0.0002
thu,1.00,0.0002
winner,1.00,0.0002
lexus,1.00,0.0002
lexus656,1.00,0.0002
656,1.00,0.0002
gucci,1.00,0.0002
mysterw3b,1.00,0.0002
mysterw,1.00,0.0002
freetvdude,1.00,0.0002
1994348,1.00,0.0002
danjohnson,1.00,0.0002
nkwe,1.00,0.0002
aaron,1.00,0.0002
marium,1.00,0.0002
cec,1.00,0.0002
jerrbore,1.00,0.0002
8810,1.00,0.0002
1432,1.00,0.0002
msgg,1.00,0.0002
pboman,1.00,0.0002
030379,1.00,0.0002
mobrada,1.00,0.0002
aa,1.00,0.0002
shaafee,1.00,0.0002
1099,1.00,0.0002
sneh,1.00,0.0002
kyuubi,1.00,0.0002
kyuubi28,1.00,0.0002
2111,1.00,0.0002
lydiamauge,1.00,0.0002
janerose13,1.00,0.0002
janerose,1.00,0.0002
niteen,1.00,0.0002
lovasket21,1.00,0.0002
lovasket,1.00,0.0002
alberto,1.00,0.0002
joles,1.00,0.0002
mmariehughes,1.00,0.0002
71690,1.00,0.0002
timmay736,1.00,0.0002
736,1.00,0.0002
timmay,1.00,0.0002
pandaz,1.00,0.0002
kbeal,1.00,0.0002
7710,1.00,0.0002
kbeal7710,1.00,0.0002
2333,1.00,0.0002
saket,1.00,0.0002
403,1.00,0.0002
mali,1.00,0.0002
sdstevens,1.00,0.0002
sdstevens22,1.00,0.0002
addunn,1.00,0.0002
dreamlord,1.00,0.0002
1391,1.00,0.0002
meyeer,1.00,0.0002
cryobank,1.00,0.0002
daley,1.00,0.0002
31786,1.00,0.0002
devendra,1.00,0.0002
megavista,1.00,0.0002
livnjoy,1.00,0.0002
lukesapp,1.00,0.0002
drs,1.00,0.0002
paulschultz,1.00,0.0002
morejustice,1.00,0.0002
hasan,1.00,0.0002
scooter6,1.00,0.0002
kisses,1.00,0.0002
kisses56,1.00,0.0002
smifunk,1.00,0.0002
grkboy2c,1.00,0.0002
grkboy,1.00,0.0002
tymej,1.00,0.0002
yoko,1.00,0.0002
majb,1.00,0.0002
4222,1.00,0.0002
majb4222,1.00,0.0002
lyndsay,1.00,0.0002
iejam,1.00,0.0002
kikpin,1.00,0.0002
scsu,1.00,0.0002
horizon,1.00,0.0002
squeaky,1.00,0.0002
queenbms,1.00,0.0002
queenbms45,1.00,0.0002
rkmeyer,1.00,0.0002
rkmeyer001,1.00,0.0002
cjqt,1.00,0.0002
jbcruse,1.00,0.0002
181,1.00,0.0002
boredcoder,1.00,0.0002
kanth,1.00,0.0002
tomr,1.00,0.0002
15218,1.00,0.0002
tomr15218,1.00,0.0002
firoza,1.00,0.0002
suku260,1.00,0.0002
260,1.00,0.0002
suku,1.00,0.0002
7363,1.00,0.0002
prasanna,1.00,0.0002
silvermario,1.00,0.0002
wil,1.00,0.0002
kaustubh,1.00,0.0002
yudho,1.00,0.0002
med,1.00,0.0002
sassylh,1.00,0.0002
sassylh2002,1.00,0.0002
tiremansc,1.00,0.0002
dylanksa,1.00,0.0002
dylanksa54,1.00,0.0002
silvertouch,1.00,0.0002
madhan020,1.00,0.0002
wiiaddictsjd,1.00,0.0002
0469,1.00,0.0002
flatbedtrucking,1.00,0.0002
textguard,1.00,0.0002
batool,1.00,0.0002
1629,1.00,0.0002
ptglf,1.00,0.0002
110998,1.00,0.0002
h1ppyman1,1.00,0.0002
1ppyman,1.00,0.0002
45000,1.00,0.0002
resistanceband,1.00,0.0002
jaret,1.00,0.0002
catsuiter,1.00,0.0002
loopants,1.00,0.0002
fatloss,1.00,0.0002
syahmi,1.00,0.0002
workfha,1.00,0.0002
rpcd,1.00,0.0002
rpcd4,1.00,0.0002
zegxro,1.00,0.0002
691,1.00,0.0002
forexauthority,1.00,0.0002
frankden,1.00,0.0002
frankden2001,1.00,0.0002
xenaita,1.00,0.0002
4172,1.00,0.0002
sub,1.00,0.0002
yvescym,1.00,0.0002
babyphat741,1.00,0.0002
babyphat,1.00,0.0002
741,1.00,0.0002
454,1.00,0.0002
ire,1.00,0.0002
dhd,1.00,0.0002
sjd,1.00,0.0002
parvez,1.00,0.0002
porag,1.00,0.0002
lespaul,1.00,0.0002
shimmy,1.00,0.0002
lipy04,1.00,0.0002
lipy,1.00,0.0002
eboney,1.00,0.0002
patman,1.00,0.0002
mandy313,1.00,0.0002
1903,1.00,0.0002
dmedirect,1.00,0.0002
wireman,1.00,0.0002
legitop,1.00,0.0002
parimi,1.00,0.0002
manik,1.00,0.0002
705,1.00,0.0002
kandyandru,1.00,0.0002
1a,1.00,0.0002
zeromicht,1.00,0.0002
lillian,1.00,0.0002
433,1.00,0.0002
2431,1.00,0.0002
extremekid52,1.00,0.0002
extremekid,1.00,0.0002
wicks2092,1.00,0.0002
wicks,1.00,0.0002
2092,1.00,0.0002
chrisk,1.00,0.0002
515210,1.00,0.0002
yyq,1.00,0.0002
avk,1.00,0.0002
rochester,1.00,0.0002
health,1.00,0.0002
2409,1.00,0.0002
brandypage,1.00,0.0002
leleta,1.00,0.0002
keighley,1.00,0.0002
soneya,1.00,0.0002
yagyadatta,1.00,0.0002
jefe54,1.00,0.0002
jefe,1.00,0.0002
ajpr83svga,1.00,0.0002
svga,1.00,0.0002
ajpr,1.00,0.0002
dandira,1.00,0.0002
morales,1.00,0.0002
kilian,1.00,0.0002
maiko,1.00,0.0002
phone,1.00,0.0002
9886,1.00,0.0002
teja,1.00,0.0002
mob,1.00,0.0002
1205,1.00,0.0002
hyper,1.00,0.0002
12143,1.00,0.0002
slipknot,1.00,0.0002
ieqa,1.00,0.0002
weazil,1.00,0.0002
rosy,1.00,0.0002
4resumes,1.00,0.0002
itsc,1.00,0.0002
3603,1.00,0.0002
regno,1.00,0.0002
shirobin,1.00,0.0002
labjeet,1.00,0.0002
vikram,1.00,0.0002
ornesha,1.00,0.0002
mbernal,1.00,0.0002
2967,1.00,0.0002
durgesh,1.00,0.0002
101795,1.00,0.0002
liwen,1.00,0.0002
xheart,1.00,0.0002
xheart01,1.00,0.0002
idiggyou,1.00,0.0002
jangid,1.00,0.0002
hgandhi,1.00,0.0002
hadasaw,1.00,0.0002
veratta,1.00,0.0002
gini,1.00,0.0002
jal,1.00,0.0002
0210240283,1.00,0.0002
antipop,1.00,0.0002
woodeedoo,1.00,0.0002
yatin,1.00,0.0002
sunish,1.00,0.0002
chefdugan,1.00,0.0002
chakri,1.00,0.0002
corina,1.00,0.0002
painter,1.00,0.0002
arcad,1.00,0.0002
zinvio,1.00,0.0002
myrecioc,1.00,0.0002
khearing,1.00,0.0002
9978,1.00,0.0002
gmariuz,1.00,0.0002
stg,1.00,0.0002
5807,1.00,0.0002
kethry,1.00,0.0002
marykay,1.00,0.0002
ofleza,1.00,0.0002
albrst,1.00,0.0002
honeybee,1.00,0.0002
2212,1.00,0.0002
truelife,1.00,0.0002
tamipyatt,1.00,0.0002
yodle,1.00,0.0002
2206,1.00,0.0002
5775,1.00,0.0002
bugs,1.00,0.0002
bugs5775,1.00,0.0002
verbena,1.00,0.0002
payel,1.00,0.0002
parithosh,1.00,0.0002
marko,1.00,0.0002
girl,1.00,0.0002
762,1.00,0.0002
warder,1.00,0.0002
ffd,1.00,0.0002
holmin,1.00,0.0002
muc,1.00,0.0002
4594,1.00,0.0002
ng,1.00,0.0002
azie,1.00,0.0002
pagli,1.00,0.0002
sexxyredd,1.00,0.0002
sexxyredd911,1.00,0.0002
jluning,1.00,0.0002
monasterio,1.00,0.0002
vladblack,1.00,0.0002
amritha,1.00,0.0002
miroma,1.00,0.0002
skinnycoach,1.00,0.0002
3122007,1.00,0.0002
zaki,1.00,0.0002
0991,1.00,0.0002
yotes,1.00,0.0002
msv,1.00,0.0002
nichlas,1.00,0.0002
producer,1.00,0.0002
newstex,1.00,0.0002
huangchengcui,1.00,0.0002
wfljp,1.00,0.0002
177,1.00,0.0002
11890,1.00,0.0002
hoggie,1.00,0.0002
1114,1.00,0.0002
6ess,1.00,0.0002
well6ess,1.00,0.0002
well,1.00,0.0002
justor,1.00,0.0002
xialili,1.00,0.0002
smiley1213m,1.00,0.0002
yingying,1.00,0.0002
timesolve,1.00,0.0002
crgpress,1.00,0.0002
giri,1.00,0.0002
giri0281,1.00,0.0002
0281,1.00,0.0002
bdicks,1.00,0.0002
smudge001,1.00,0.0002
smudge,1.00,0.0002
0125,1.00,0.0002
smm,1.00,0.0002
mwe,1.00,0.0002
2117,1.00,0.0002
frale,1.00,0.0002
piggy2402,1.00,0.0002
piggy,1.00,0.0002
2402,1.00,0.0002
mariah,1.00,0.0002
asanka,1.00,0.0002
6265,1.00,0.0002
tommytit,1.00,0.0002
tommytit9,1.00,0.0002
6506,1.00,0.0002
3387,1.00,0.0002
shubinthan,1.00,0.0002
liffie,1.00,0.0002
yantram,1.00,0.0002
2381,1.00,0.0002
mhurt001,1.00,0.0002
mhurt,1.00,0.0002
rokawa,1.00,0.0002
yoga0400,1.00,0.0002
0400,1.00,0.0002
maleeka,1.00,0.0002
ironcross,1.00,0.0002
1246,1.00,0.0002
dharmi,1.00,0.0002
jumagirl,1.00,0.0002
sagor,1.00,0.0002
joekingman,1.00,0.0002
vernet,1.00,0.0002
vikash,1.00,0.0002
eddy,1.00,0.0002
taksdu,1.00,0.0002
3119,1.00,0.0002
cpolk,1.00,0.0002
gedo,1.00,0.0002
tax,1.00,0.0002
barton,1.00,0.0002
samina,1.00,0.0002
shepard,1.00,0.0002
diet,1.00,0.0002
vikraman,1.00,0.0002
serene,1.00,0.0002
aliza,1.00,0.0002
leoflo,1.00,0.0002
resume,1.00,0.0002
hzy,1.00,0.0002
hiram,1.00,0.0002
jonas,1.00,0.0002
nails,1.00,0.0002
panama,1.00,0.0002
sdh1179,1.00,0.0002
1179,1.00,0.0002
sdh,1.00,0.0002
missional,1.00,0.0002
dakota,1.00,0.0002
catherin,1.00,0.0002
brandon,1.00,0.0002
rentamentor,1.00,0.0002
confess,1.00,0.0002
diamond,1.00,0.0002
vc,1.00,0.0002
danchair,1.00,0.0002
057,1.00,0.0002
synaps,1.00,0.0002
synaps131313,1.00,0.0002
131313,1.00,0.0002
nurita,1.00,0.0002
nurita2009,1.00,0.0002
juice,1.00,0.0002
sewara,1.00,0.0002
2153,1.00,0.0002
tanura,1.00,0.0002
alek,1.00,0.0002
boen,1.00,0.0002
1233,1.00,0.0002
dickinson,1.00,0.0002
sherryn,1.00,0.0002
8567,1.00,0.0002
jfquinn,1.00,0.0002
rupam,1.00,0.0002
messiah9191,1.00,0.0002
messiah,1.00,0.0002
9191,1.00,0.0002
9905,1.00,0.0002
hezza,1.00,0.0002
zhanghao,1.00,0.0002
bryank,1.00,0.0002
bryank323,1.00,0.0002
baseball,1.00,0.0002
walker,1.00,0.0002
oscar_0103,1.00,0.0002
oscar,1.00,0.0002
bowflex,1.00,0.0002
wdvince,1.00,0.0002
maitland,1.00,0.0002
waqasnawaz,1.00,0.0002
justmymail87,1.00,0.0002
justmymail,1.00,0.0002
1der,1.00,0.0002
ogi,1.00,0.0002
august,1.00,0.0002
ronaldski,1.00,0.0002
ronaldski06,1.00,0.0002
cabalin,1.00,0.0002
john871010,1.00,0.0002
871010,1.00,0.0002
sell,1.00,0.0002
nap,1.00,0.0002
sable,1.00,0.0002
sabri,1.00,0.0002
9515,1.00,0.0002
nicacutenica,1.00,0.0002
9s,1.00,0.0002
radrude,1.00,0.0002
fazlinizam,1.00,0.0002
kimble,1.00,0.0002
2605,1.00,0.0002
maxravi,1.00,0.0002
stern,1.00,0.0002
014,1.00,0.0002
unitsatlanta,1.00,0.0002
015,1.00,0.0002
serap,1.00,0.0002
mitali,1.00,0.0002
lenabru,1.00,0.0002
petlover,1.00,0.0002
precywall,1.00,0.0002
softart,1.00,0.0002
csaved,1.00,0.0002
shirechase,1.00,0.0002
alickson,1.00,0.0002
0357,1.00,0.0002
gasstation,1.00,0.0002
dianamitsuklos,1.00,0.0002
rcn,1.00,0.0002
yasseryahya,1.00,0.0002
hayter,1.00,0.0002
hayter221,1.00,0.0002
netzero,1.00,0.0002
zahanam,1.00,0.0002
9151234,1.00,0.0002
1721,1.00,0.0002
thedonkey,1.00,0.0002
8078,1.00,0.0002
safety,1.00,0.0002
580,1.00,0.0002
polk,1.00,0.0002
1853,1.00,0.0002
iluvaparty,1.00,0.0002
irmawati,1.00,0.0002
ballzatl,1.00,0.0002
jiggles37,1.00,0.0002
jiggles,1.00,0.0002
9420321,1.00,0.0002
juicy,1.00,0.0002
patjoh,1.00,0.0002
aneka,1.00,0.0002
gilbert,1.00,0.0002
5emal,1.00,0.0002
sexiiann,1.00,0.0002
bsk1960,1.00,0.0002
bsk,1.00,0.0002
karion,1.00,0.0002
paru,1.00,0.0002
upama,1.00,0.0002
dkendy09,1.00,0.0002
dkendy,1.00,0.0002
coreyreign,1.00,0.0002
omayra,1.00,0.0002
4421,1.00,0.0002
fortiz,1.00,0.0002
shaker,1.00,0.0002
paulclavio,1.00,0.0002
cmz,1.00,0.0002
1802,1.00,0.0002
mello,1.00,0.0002
gollem,1.00,0.0002
gollem08,1.00,0.0002
0319,1.00,0.0002
iyo,1.00,0.0002
vernicia,1.00,0.0002
91803,1.00,0.0002
pammy,1.00,0.0002
russell,1.00,0.0002
newsomje,1.00,0.0002
ratty,1.00,0.0002
cretu,1.00,0.0002
7789,1.00,0.0002
1259,1.00,0.0002
bryant,1.00,0.0002
donaki78,1.00,0.0002
donaki,1.00,0.0002
oakland,1.00,0.0002
valdosta,1.00,0.0002
fadmashion,1.00,0.0002
katbarros613,1.00,0.0002
katbarros,1.00,0.0002
2100987,1.00,0.0002
3234,1.00,0.0002
usenet,1.00,0.0002
2301,1.00,0.0002
usenet2301,1.00,0.0002
djf1124,1.00,0.0002
djf,1.00,0.0002
shirleydani,1.00,0.0002
media,1.00,0.0002
sgw,1.00,0.0002
jls,1.00,0.0002
llaws,1.00,0.0002
llaws21,1.00,0.0002
6987,1.00,0.0002
colinthegr,1.00,0.0002
colinthegr8,1.00,0.0002
tejas,1.00,0.0002
tejas2411,1.00,0.0002
rodai,1.00,0.0002
mihi,1.00,0.0002
jtd,1.00,0.0002
zanime09,1.00,0.0002
zanime,1.00,0.0002
512215,1.00,0.0002
3025,1.00,0.0002
mirv,1.00,0.0002
brisolara,1.00,0.0002
isyraf,1.00,0.0002
076,1.00,0.0002
darren,1.00,0.0002
valya,1.00,0.0002
corbett,1.00,0.0002
mandm,1.00,0.0002
seilee,1.00,0.0002
delhipest,1.00,0.0002
fid,1.00,0.0002
lich,1.00,0.0002
1156,1.00,0.0002
sanjoy,1.00,0.0002
isiree,1.00,0.0002
lolo,1.00,0.0002
lolo825,1.00,0.0002
39429,1.00,0.0002
tanisha623,1.00,0.0002
redwing,1.00,0.0002
gelotski,1.00,0.0002
tammydog,1.00,0.0002
adanie,1.00,0.0002
adanie14,1.00,0.0002
027,1.00,0.0002
1716,1.00,0.0002
333arizona,1.00,0.0002
arizona,1.00,0.0002
ssccuuttoo,1.00,0.0002
cmartine,1.00,0.0002
439,1.00,0.0002
giselle,1.00,0.0002
sazuke,1.00,0.0002
12290,1.00,0.0002
dall12,1.00,0.0002
dall,1.00,0.0002
943,1.00,0.0002
vondabanach,1.00,0.0002
smythie,1.00,0.0002
goanimate,1.00,0.0002
suzyee,1.00,0.0002
aldoyunus_7,1.00,0.0002
hitman,1.00,0.0002
rappa,1.00,0.0002
202442,1.00,0.0002
nawbola,1.00,0.0002
milanok,1.00,0.0002
skp,1.00,0.0002
2314,1.00,0.0002
nermal,1.00,0.0002
beccad,1.00,0.0002
beccad925,1.00,0.0002
bowers,1.00,0.0002
myspace,1.00,0.0002
bebem75,1.00,0.0002
bebem,1.00,0.0002
marketinfo,1.00,0.0002
glena,1.00,0.0002
ariyon,1.00,0.0002
dandrew766,1.00,0.0002
dandrew,1.00,0.0002
791224,1.00,0.0002
vanesha,1.00,0.0002
kzuk,1.00,0.0002
kzuk89,1.00,0.0002
kir,1.00,0.0002
scbradley,1.00,0.0002
867,1.00,0.0002
abk,1.00,0.0002
930,1.00,0.0002
lopes,1.00,0.0002
eman,1.00,0.0002
shakzilla,1.00,0.0002
specific123,1.00,0.0002
specific,1.00,0.0002
jonathan522,1.00,0.0002
kvn,1.00,0.0002
molliew,1.00,0.0002
van,1.00,0.0002
jhwelch,1.00,0.0002
crazyfreak27,1.00,0.0002
crazyfreak,1.00,0.0002
janhealth,1.00,0.0002
griffithn,1.00,0.0002
griffithn1,1.00,0.0002
gmaa,1.00,0.0002
00123,1.00,0.0002
elton,1.00,0.0002
asma,1.00,0.0002
1145,1.00,0.0002
2809,1.00,0.0002
archosrdbest,1.00,0.0002
089,1.00,0.0002
nat,1.00,0.0002
weight,1.00,0.0002
bhasker,1.00,0.0002
bubaipal,1.00,0.0002
1491,1.00,0.0002
mdibrahim,1.00,0.0002
mdibrahim09,1.00,0.0002
zurackle,1.00,0.0002
yaseen,1.00,0.0002
ngallion,1.00,0.0002
teri27,1.00,0.0002
8601,1.00,0.0002
1902,1.00,0.0002
irol,1.00,0.0002
irol30,1.00,0.0002
centurio,1.00,0.0002
centurio22,1.00,0.0002
khushboo,1.00,0.0002
mattversion,1.00,0.0002
rathore,1.00,0.0002
phyto,1.00,0.0002
2376,1.00,0.0002
willison,1.00,0.0002
barenya,1.00,0.0002
moorehead,1.00,0.0002
ferritto,1.00,0.0002
eshreya,1.00,0.0002
vj,1.00,0.0002
photohand,1.00,0.0002
kevmac11,1.00,0.0002
kevmac,1.00,0.0002
stf,1.00,0.0002
tristan,1.00,0.0002
mvela310,1.00,0.0002
mvela,1.00,0.0002
nmu,1.00,0.0002
0212,1.00,0.0002
875,1.00,0.0002
allurraj,1.00,0.0002
dayhuff,1.00,0.0002
senses,1.00,0.0002
rodney,1.00,0.0002
adpi,1.00,0.0002
rona,1.00,0.0002
srikasa,1.00,0.0002
grip,1.00,0.0002
nal,1.00,0.0002
andilile,1.00,0.0002
vals,1.00,0.0002
gerrig,1.00,0.0002
meganbrobbin,1.00,0.0002
3274,1.00,0.0002
bamaboy3274,1.00,0.0002
bamaboy,1.00,0.0002
nut,1.00,0.0002
dieokb03,1.00,0.0002
dieokb,1.00,0.0002
2xmath,1.00,0.0002
e2xmath,1.00,0.0002
crestaa,1.00,0.0002
fmz425,1.00,0.0002
fmz,1.00,0.0002
coleman,1.00,0.0002
1120,1.00,0.0002
slayer,1.00,0.0002
willywei,1.00,0.0002
cherie,1.00,0.0002
604,1.00,0.0002
3098,1.00,0.0002
bkarma3098,1.00,0.0002
bkarma,1.00,0.0002
vala,1.00,0.0002
rafliza,1.00,0.0002
thk,1.00,0.0002
kamilla,1.00,0.0002
jamil,1.00,0.0002
712000,1.00,0.0002
vick,1.00,0.0002
vick712000,1.00,0.0002
davina,1.00,0.0002
dbw,1.00,0.0002
dusan,1.00,0.0002
blackheart,1.00,0.0002
loag,1.00,0.0002
berni,1.00,0.0002
4951,1.00,0.0002
2311,1.00,0.0002
vic,1.00,0.0002
baraka,1.00,0.0002
9551,1.00,0.0002
jtfisher,1.00,0.0002
jtfisher58,1.00,0.0002
12207,1.00,0.0002
111605,1.00,0.0002
1620,1.00,0.0002
portable,1.00,0.0002
vandana,1.00,0.0002
kwazi,1.00,0.0002
7711,1.00,0.0002
trae,1.00,0.0002
kepha,1.00,0.0002
cnardozzi,1.00,0.0002
sha123,1.00,0.0002
bleakney,1.00,0.0002
ultimate,1.00,0.0002
291,1.00,0.0002
judyann,1.00,0.0002
howcast,1.00,0.0002
lso,1.00,0.0002
933,1.00,0.0002
joncarlos,1.00,0.0002
joncarlos20,1.00,0.0002
showtime,1.00,0.0002
arup,1.00,0.0002
jamesrocky,1.00,0.0002
732,1.00,0.0002
benjcarlos,1.00,0.0002
mvr,1.00,0.0002
woodthorpe,1.00,0.0002
woodthorpe82,1.00,0.0002
najdat,1.00,0.0002
alya,1.00,0.0002
jzoner,1.00,0.0002
8bm,1.00,0.0002
jt8bm8,1.00,0.0002
11386,1.00,0.0002
albino32,1.00,0.0002
albino,1.00,0.0002
buckt,1.00,0.0002
1212,1.00,0.0002
sudhendu,1.00,0.0002
bmd,1.00,0.0002
aurortea,1.00,0.0002
rockhead,1.00,0.0002
1110022,1.00,0.0002
sjw,1.00,0.0002
chrisnkay,1.00,0.0002
iyzs,1.00,0.0002
gbenga,1.00,0.0002
sdc,1.00,0.0002
penmomentum,1.00,0.0002
sitbetter,1.00,0.0002
1718,1.00,0.0002
0092,1.00,0.0002
basilio,1.00,0.0002
basilio55,1.00,0.0002
dadofdsm,1.00,0.0002
country,1.00,0.0002
295,1.00,0.0002
carr2277,1.00,0.0002
carr,1.00,0.0002
2277,1.00,0.0002
ccac,1.00,0.0002
shandy,1.00,0.0002
ethan,1.00,0.0002
nate,1.00,0.0002
magick,1.00,0.0002
6275,1.00,0.0002
nigh,1.00,0.0002
2147,1.00,0.0002
naina,1.00,0.0002
pashalis78,1.00,0.0002
pashalis,1.00,0.0002
logan2005,1.00,0.0002
1301,1.00,0.0002
1773,1.00,0.0002
bsan,1.00,0.0002
bsan1313,1.00,0.0002
elena,1.00,0.0002
geralds,1.00,0.0002
irenemill,1.00,0.0002
triciao,1.00,0.0002
drmark90,1.00,0.0002
drmark,1.00,0.0002
intrepid,1.00,0.0002
intrepid11,1.00,0.0002
hokunani,1.00,0.0002
alexclash,1.00,0.0002
alexclash15,1.00,0.0002
oshrat,1.00,0.0002
liana,1.00,0.0002
arkan,1.00,0.0002
jony,1.00,0.0002
pscbath,1.00,0.0002
keelo,1.00,0.0002
ayaz,1.00,0.0002
pets,1.00,0.0002
tucker,1.00,0.0002
squad,1.00,0.0002
genie,1.00,0.0002
eleanthe,1.00,0.0002
hapner,1.00,0.0002
sinjan,1.00,0.0002
752,1.00,0.0002
ymail,1.00,0.0002
jc,1.00,0.0002
akukaya,1.00,0.0002
marche,1.00,0.0002
669591,1.00,0.0002
95299529,1.00,0.0002
massaia,1.00,0.0002
6801,1.00,0.0002
rds,1.00,0.0002
cliffpop,1.00,0.0002
tdebnath,1.00,0.0002
2102,1.00,0.0002
fodder,1.00,0.0002
zenorbored,1.00,0.0002
bytelan,1.00,0.0002
paxil,1.00,0.0002
0401,1.00,0.0002
redroc,1.00,0.0002
nuitari,1.00,0.0002
donyekuba,1.00,0.0002
empire,1.00,0.0002
1912,1.00,0.0002
aschott,1.00,0.0002
isahmo,1.00,0.0002
mumoocie,1.00,0.0002
cesca,1.00,0.0002
jaw,1.00,0.0002
jsylvestre,1.00,0.0002
brandscape,1.00,0.0002
hektik,1.00,0.0002
hektik43,1.00,0.0002
fitness,1.00,0.0002
madhur,1.00,0.0002
rpelaez,1.00,0.0002
chinky,1.00,0.0002
illtleme93,1.00,0.0002
illtleme,1.00,0.0002
noah,1.00,0.0002
2136,1.00,0.0002
desi,1.00,0.0002
30354,1.00,0.0002
desi30354,1.00,0.0002
0801,1.00,0.0002
vegov,1.00,0.0002
0124,1.00,0.0002
3791,1.00,0.0002
fiagbedzi,1.00,0.0002
kaider,1.00,0.0002
shauna,1.00,0.0002
shauna669,1.00,0.0002
bloss,1.00,0.0002
arunas,1.00,0.0002
bernardo,1.00,0.0002
carter,1.00,0.0002
bizrich,1.00,0.0002
bizrich888,1.00,0.0002
892,1.00,0.0002
larson,1.00,0.0002
crysezer,1.00,0.0002
eicak12,1.00,0.0002
eicak,1.00,0.0002
klatcher,1.00,0.0002
trazion,1.00,0.0002
youporn,1.00,0.0002
roseright,1.00,0.0002
stakano,1.00,0.0002
kishin,1.00,0.0002
arcadium,1.00,0.0002
emely,1.00,0.0002
sachin,1.00,0.0002
helen820,1.00,0.0002
helen,1.00,0.0002
goldmail,1.00,0.0002
jimer,1.00,0.0002
jimer55,1.00,0.0002
rayca,1.00,0.0002
dawson,1.00,0.0002
2423,1.00,0.0002
tub,1.00,0.0002
saje388,1.00,0.0002
388,1.00,0.0002
saje,1.00,0.0002
p51mustang,1.00,0.0002
georgiev,1.00,0.0002
azi,1.00,0.0002
malinak,1.00,0.0002
1215,1.00,0.0002
rodbowen,1.00,0.0002
jamesrocksy,1.00,0.0002
hass,1.00,0.0002
buljavi,1.00,0.0002
acho,1.00,0.0002
4backup,1.00,0.0002
tape,1.00,0.0002
tape4backup,1.00,0.0002
kelvin,1.00,0.0002
gary321,1.00,0.0002
4175,1.00,0.0002
miquol,1.00,0.0002
miquol103,1.00,0.0002
idherring,1.00,0.0002
vvh,1.00,0.0002
5660,1.00,0.0002
1040,1.00,0.0002
dwarlords,1.00,0.0002
3seom,1.00,0.0002
ezmoney301,1.00,0.0002
ezmoney,1.00,0.0002
nae,1.00,0.0002
asghar,1.00,0.0002
phxdw,1.00,0.0002
zlh,1.00,0.0002
mona,1.00,0.0002
neetuwali,1.00,0.0002
mckompy,1.00,0.0002
wilf,1.00,0.0002
jmosier,1.00,0.0002
jmosier4,1.00,0.0002
mhdhsn777,1.00,0.0002
mhdhsn,1.00,0.0002
1235,1.00,0.0002
rlj,1.00,0.0002
berling,1.00,0.0002
0147,1.00,0.0002
maszuan,1.00,0.0002
amitchand,1.00,0.0002
freeblue86,1.00,0.0002
freeblue,1.00,0.0002
highpost,1.00,0.0002
sadeghi,1.00,0.0002
gurudev,1.00,0.0002
gowoks,1.00,0.0002
huihuang,1.00,0.0002
pinhead,1.00,0.0002
stock,1.00,0.0002
4502,1.00,0.0002
anuradha,1.00,0.0002
man,1.00,0.0002
basketball,1.00,0.0002
arjona,1.00,0.0002
10000,1.00,0.0002
esperando,1.00,0.0002
vanz,1.00,0.0002
quatromano,1.00,0.0002
gila,1.00,0.0002
krumeto,1.00,0.0002
ginny,1.00,0.0002
ginny124,1.00,0.0002
164,1.00,0.0002
4587,1.00,0.0002
saia,1.00,0.0002
saia2205,1.00,0.0002
imnewandur,1.00,0.0002
imnewandur2,1.00,0.0002
vikas,1.00,0.0002
carminella,1.00,0.0002
kirsten,1.00,0.0002
alexiorojas,1.00,0.0002
brendam,1.00,0.0002
brendam06,1.00,0.0002
matthep,1.00,0.0002
calamindi,1.00,0.0002
66189,1.00,0.0002
juliane,1.00,0.0002
indianola,1.00,0.0002
benham,1.00,0.0002
mcming,1.00,0.0002
9440,1.00,0.0002
cashmoney,1.00,0.0002
osuokc,1.00,0.0002
rickson,1.00,0.0002
rickson1,1.00,0.0002
ariofanie,1.00,0.0002
miyk,1.00,0.0002
60302,1.00,0.0002
il60302,1.00,0.0002
judyskynet,1.00,0.0002
adrien,1.00,0.0002
9105,1.00,0.0002
zeen2010,1.00,0.0002
zeen,1.00,0.0002
cmongkuo,1.00,0.0002
940,1.00,0.0002
jax,1.00,0.0002
jax940,1.00,0.0002
thisir,1.00,0.0002
beckyjonson,1.00,0.0002
danielahamy,1.00,0.0002
ashtonzackery,1.00,0.0002
rosiewootton,1.00,0.0002
bradrivery,1.00,0.0002
gregwazy,1.00,0.0002
zacmelton,1.00,0.0002
finleychaney,1.00,0.0002
5938,1.00,0.0002
alexarowwe,1.00,0.0002
markhenry,1.00,0.0002
6281,1.00,0.0002
superfoot,1.00,0.0002
superfoot32,1.00,0.0002
viv,1.00,0.0002
lasher,1.00,0.0002
atul,1.00,0.0002
mbrosch,1.00,0.0002
limpan,1.00,0.0002
liljammerz,1.00,0.0002
wade,1.00,0.0002
kingdom,1.00,0.0002
rdr,1.00,0.0002
214712,1.00,0.0002
pjk,1.00,0.0002
hayley,1.00,0.0002
alyia,1.00,0.0002
ktf,1.00,0.0002
wa,1.00,0.0002
iprus21,1.00,0.0002
iprus,1.00,0.0002
pdamarketing,1.00,0.0002
umaparvathy,1.00,0.0002
3690,1.00,0.0002
dbsm,1.00,0.0002
dbsm3690,1.00,0.0002
britny,1.00,0.0002
britny13,1.00,0.0002
1276,1.00,0.0002
tysly,1.00,0.0002
tysly6494,1.00,0.0002
6494,1.00,0.0002
vertige,1.00,0.0002
vertige2,1.00,0.0002
otieno,1.00,0.0002
pl,1.00,0.0002
72802,1.00,0.0002
education,1.00,0.0002
evilbob,1.00,0.0002
per,1.00,0.0002
cas77per,1.00,0.0002
0215,1.00,0.0002
kapitu,1.00,0.0002
yuke,1.00,0.0002
mick,1.00,0.0002
tre,1.00,0.0002
mono,1.00,0.0002
mono235,1.00,0.0002
boba,1.00,0.0002
brittlh33,1.00,0.0002
brittlh,1.00,0.0002
edz,1.00,0.0002
sashon,1.00,0.0002
storyboard,1.00,0.0002
fishman,1.00,0.0002
stonedmonk,1.00,0.0002
aria,1.00,0.0002
akifah,1.00,0.0002
cates,1.00,0.0002
eleisa,1.00,0.0002
elysea,1.00,0.0002
spherion,1.00,0.0002
nch,1.00,0.0002
frankboran,1.00,0.0002
dezperado,1.00,0.0002
dezperado69,1.00,0.0002
colipoo,1.00,0.0002
speaks,1.00,0.0002
hugs,1.00,0.0002
12430,1.00,0.0002
kellydavis,1.00,0.0002
lambodar,1.00,0.0002
3tailer,1.00,0.0002
2384,1.00,0.0002
alaa2384,1.00,0.0002
shopzilla,1.00,0.0002
zhaoyao0823,1.00,0.0002
zhaoyao,1.00,0.0002
chaaben,1.00,0.0002
sanjul,1.00,0.0002
cef,1.00,0.0002
rawdogme,1.00,0.0002
matthewn,1.00,0.0002
lydia,1.00,0.0002
szksz56,1.00,0.0002
szksz,1.00,0.0002
zhuyuming,1.00,0.0002
laidi,1.00,0.0002
krisvig4,1.00,0.0002
krisvig,1.00,0.0002
jundullah,1.00,0.0002
smitdel,1.00,0.0002
lildenski,1.00,0.0002
7853,1.00,0.0002
piyush,1.00,0.0002
ayodeji,1.00,0.0002
bethel,1.00,0.0002
898,1.00,0.0002
bionseo,1.00,0.0002
agilan,1.00,0.0002
06329800,1.00,0.0002
un,1.00,0.0002
3nforc,1.00,0.0002
gain,1.00,0.0002
caitlin,1.00,0.0002
barr,1.00,0.0002
barr1906,1.00,0.0002
2233923,1.00,0.0002
wxm,1.00,0.0002
ep,1.00,0.0002
miftahol,1.00,0.0002
notlim22,1.00,0.0002
notlim,1.00,0.0002
ontopowrld,1.00,0.0002
bjp,1.00,0.0002
bjp0015151,1.00,0.0002
0015151,1.00,0.0002
tongtong,1.00,0.0002
medwow,1.00,0.0002
kayleigh,1.00,0.0002
1207,1.00,0.0002
feliadam,1.00,0.0002
mccreary,1.00,0.0002
72689,1.00,0.0002
hillydee,1.00,0.0002
bayley,1.00,0.0002
diesal992,1.00,0.0002
992,1.00,0.0002
diesal,1.00,0.0002
rle,1.00,0.0002
kosmix,1.00,0.0002
037,1.00,0.0002
81591,1.00,0.0002
japanadian,1.00,0.0002
hostingseo,1.00,0.0002
carmon,1.00,0.0002
michaelt,1.00,0.0002
chalula,1.00,0.0002
chalula88,1.00,0.0002
madisonrose,1.00,0.0002
arissa,1.00,0.0002
djanani,1.00,0.0002
keisha,1.00,0.0002
richa,1.00,0.0002
jssalexa,1.00,0.0002
delig1122,1.00,0.0002
delig,1.00,0.0002
precog,1.00,0.0002
ross,1.00,0.0002
dragonfly,1.00,0.0002
illusia,1.00,0.0002
382,1.00,0.0002
sosajlo,1.00,0.0002
cure,1.00,0.0002
csmith,1.00,0.0002
supreet,1.00,0.0002
zrwdw,1.00,0.0002
jamcjm,1.00,0.0002
beeboh87,1.00,0.0002
beeboh,1.00,0.0002
arro,1.00,0.0002
lkap,1.00,0.0002
courtney,1.00,0.0002
pgapat99,1.00,0.0002
pgapat,1.00,0.0002
graves,1.00,0.0002
begrose,1.00,0.0002
begrose32,1.00,0.0002
ddh,1.00,0.0002
whitelord,1.00,0.0002
5201,1.00,0.0002
shahriar5201,1.00,0.0002
shahriar,1.00,0.0002
1065,1.00,0.0002
seema,1.00,0.0002
madigan,1.00,0.0002
madigan516,1.00,0.0002
zapper,1.00,0.0002
edgehead,1.00,0.0002
omar,1.00,0.0002
omar72001,1.00,0.0002
woojason,1.00,0.0002
swseed,1.00,0.0002
sydney,1.00,0.0002
arghya,1.00,0.0002
swiss,1.00,0.0002
kmu,1.00,0.0002
8088,1.00,0.0002
sash,1.00,0.0002
2983,1.00,0.0002
2493,1.00,0.0002
olliereed,1.00,0.0002
olliereed2493,1.00,0.0002
cassaundra,1.00,0.0002
2comm,1.00,0.0002
js2comm,1.00,0.0002
blagoeva,1.00,0.0002
bluplan,1.00,0.0002
gerrydam,1.00,0.0002
olya,1.00,0.0002
hlyoung,1.00,0.0002
221984,1.00,0.0002
blakenoah,1.00,0.0002
gotoday,1.00,0.0002
dunsmuir,1.00,0.0002
pjd,1.00,0.0002
rsckim,1.00,0.0002
guitar,1.00,0.0002
271,1.00,0.0002
wtfair19,1.00,0.0002
wtfair,1.00,0.0002
shreya,1.00,0.0002
silver,1.00,0.0002
metroway,1.00,0.0002
taskus,1.00,0.0002
derrymurphy,1.00,0.0002
bhwtester,1.00,0.0002
djc,1.00,0.0002
0508,1.00,0.0002
djc0508,1.00,0.0002
nice,1.00,0.0002
ikwee,1.00,0.0002
jayapirakash,1.00,0.0002
mosadiq,1.00,0.0002
granit,1.00,0.0002
3724,1.00,0.0002
2566,1.00,0.0002
theactiv,1.00,0.0002
8tor,1.00,0.0002
theactiv8tor,1.00,0.0002
mwti,1.00,0.0002
pooja,1.00,0.0002
bruges,1.00,0.0002
tusher,1.00,0.0002
cltisdale,1.00,0.0002
4176,1.00,0.0002
ussdd,1.00,0.0002
fat,1.00,0.0002
zac,1.00,0.0002
wojteko,1.00,0.0002
rolands,1.00,0.0002
jmlemus,1.00,0.0002
simer,1.00,0.0002
wanglasa,1.00,0.0002
991,1.00,0.0002
kidzrule,1.00,0.0002
screen,1.00,0.0002
kk,1.00,0.0002
tinkerbell,1.00,0.0002
manick,1.00,0.0002
debashiscrown,1.00,0.0002
uasilaa,1.00,0.0002
laxfoot,1.00,0.0002
alext,1.00,0.0002
yusuf,1.00,0.0002
internet,1.00,0.0002
chucky,1.00,0.0002
sarthak,1.00,0.0002
takushi,1.00,0.0002
ariunzayab24,1.00,0.0002
ariunzayab,1.00,0.0002
1715,1.00,0.0002
hwy,1.00,0.0002
1946,1.00,0.0002
2022,1.00,0.0002
0422,1.00,0.0002
800487,1.00,0.0002
thuyphuong,1.00,0.0002
reid,1.00,0.0002
wangjh520,1.00,0.0002
wangjh,1.00,0.0002
marcella,1.00,0.0002
rporterfield,1.00,0.0002
solstar,1.00,0.0002
solstar205,1.00,0.0002
agordon,1.00,0.0002
agordon13,1.00,0.0002
adie,1.00,0.0002
bokore,1.00,0.0002
corfio,1.00,0.0002
wankala,1.00,0.0002
01911804554,1.00,0.0002
theswanx,1.00,0.0002
azmaharin,1.00,0.0002
ioweisi,1.00,0.0002
29543,1.00,0.0002
dcoalkings,1.00,0.0002
cmott,1.00,0.0002
tboi,1.00,0.0002
kajol,1.00,0.0002
gaodengde51,1.00,0.0002
gaodengde,1.00,0.0002
861220,1.00,0.0002
johan,1.00,0.0002
nsyme,1.00,0.0002
jeffjames,1.00,0.0002
ashima,1.00,0.0002
norway,1.00,0.0002
amandadavis,1.00,0.0002
thebeast,1.00,0.0002
araer,1.00,0.0002
yannanliu,1.00,0.0002
51201,1.00,0.0002
wela,1.00,0.0002
ammar,1.00,0.0002
ammar77,1.00,0.0002
segovia,1.00,0.0002
barney,1.00,0.0002
daniela,1.00,0.0002
osicka,1.00,0.0002
technopark,1.00,0.0002
5695,1.00,0.0002
veronica5695,1.00,0.0002
vadim,1.00,0.0002
tiffaney,1.00,0.0002
adhyaksa,1.00,0.0002
bayoe,1.00,0.0002
hn,1.00,0.0002
usnwc,1.00,0.0002
kudatua77,1.00,0.0002
kudatua,1.00,0.0002
shivam,1.00,0.0002
neal,1.00,0.0002
kaisi,1.00,0.0002
eljack,1.00,0.0002
tulipcamp,1.00,0.0002
nigus,1.00,0.0002
19848377,1.00,0.0002
mahin,1.00,0.0002
vada,1.00,0.0002
rickmorgan,1.00,0.0002
stopsmoking,1.00,0.0002
stopsmoking119x,1.00,0.0002
klja,1.00,0.0002
jwagoner,1.00,0.0002
jwagoner22,1.00,0.0002
2bev,1.00,0.0002
katrina,1.00,0.0002
4015,1.00,0.0002
tauselis,1.00,0.0002
sjaardema,1.00,0.0002
tonyb,1.00,0.0002
tonyb1225,1.00,0.0002
redzic,1.00,0.0002
alpeezy,1.00,0.0002
agent,1.00,0.0002
regent,1.00,0.0002
jaggerseo,1.00,0.0002
1282,1.00,0.0002
leeds,1.00,0.0002
shehri,1.00,0.0002
jacek,1.00,0.0002
charron,1.00,0.0002
daniels,1.00,0.0002
rafman,1.00,0.0002
136,1.00,0.0002
029290,1.00,0.0002
keiome,1.00,0.0002
manjunathdm,1.00,0.0002
manjunath,1.00,0.0002
matopex,1.00,0.0002
tnj,1.00,0.0002
tnj2009,1.00,0.0002
564891,1.00,0.0002
amyg7458,1.00,0.0002
7458,1.00,0.0002
amyg,1.00,0.0002
bettybare,1.00,0.0002
footc,1.00,0.0002
pjsquidy,1.00,0.0002
adep,1.00,0.0002
runhard,1.00,0.0002
sylvia,1.00,0.0002
achecorn,1.00,0.0002
110876,1.00,0.0002
nerusnwoko,1.00,0.0002
1277,1.00,0.0002
cheezzy,1.00,0.0002
surflight,1.00,0.0002
faski,1.00,0.0002
jchinsd,1.00,0.0002
8503,1.00,0.0002
syedakram,1.00,0.0002
207,1.00,0.0002
latino,1.00,0.0002
archyargo,1.00,0.0002
niki,1.00,0.0002
yhwhzson,1.00,0.0002
rodgercrafts,1.00,0.0002
kazam1,1.00,0.0002
kazam,1.00,0.0002
4436,1.00,0.0002
7227,1.00,0.0002
han,1.00,0.0002
atrain,1.00,0.0002
atrain1270,1.00,0.0002
1270,1.00,0.0002
darchby,1.00,0.0002
sukanta,1.00,0.0002
ramkumar,1.00,0.0002
debbra,1.00,0.0002
marketing,1.00,0.0002
slypner,1.00,0.0002
eyremd,1.00,0.0002
shelleyftz,1.00,0.0002
kara,1.00,0.0002
1039,1.00,0.0002
micro,1.00,0.0002
542,1.00,0.0002
shaneiadt,1.00,0.0002
titir,1.00,0.0002
neilasher,1.00,0.0002
3106,1.00,0.0002
zyruspress,1.00,0.0002
moma,1.00,0.0002
greekwitch,1.00,0.0002
whitty,1.00,0.0002
manjula,1.00,0.0002
56777,1.00,0.0002
flbpunk,1.00,0.0002
massage,1.00,0.0002
marlow,1.00,0.0002
0559,1.00,0.0002
safraz,1.00,0.0002
274,1.00,0.0002
5931,1.00,0.0002
anime,1.00,0.0002
anime28com,1.00,0.0002
cmt,1.00,0.0002
stefan,1.00,0.0002
gloryland,1.00,0.0002
ppcsummit,1.00,0.0002
phd,1.00,0.0002
kentone,1.00,0.0002
kentone59,1.00,0.0002
1695,1.00,0.0002
1419,1.00,0.0002
plamen,1.00,0.0002
invogue,1.00,0.0002
ageg1010,1.00,0.0002
ageg,1.00,0.0002
knowledgepub,1.00,0.0002
485,1.00,0.0002
penny,1.00,0.0002
sanfem,1.00,0.0002
nor,1.00,0.0002
1mcv,1.00,0.0002
nor1mcv2,1.00,0.0002
ap,1.00,0.0002
1506,1.00,0.0002
studentrate,1.00,0.0002
walrath,1.00,0.0002
201088,1.00,0.0002
nicfow,1.00,0.0002
nicfow13,1.00,0.0002
kurden,1.00,0.0002
runawaylover,1.00,0.0002
cbadabc,1.00,0.0002
5709,1.00,0.0002
1383,1.00,0.0002
yabbadoo,1.00,0.0002
yabbadoo81,1.00,0.0002
sitician,1.00,0.0002
fareeha,1.00,0.0002
boughaleb,1.00,0.0002
phrainck,1.00,0.0002
sunnysky,1.00,0.0002
bless22290,1.00,0.0002
22290,1.00,0.0002
jamie21355,1.00,0.0002
21355,1.00,0.0002
njwedding,1.00,0.0002
janice,1.00,0.0002
4916,1.00,0.0002
dhgate,1.00,0.0002
jwirtz,1.00,0.0002
8998,1.00,0.0002
grafity,1.00,0.0002
madsurfer,1.00,0.0002
rebcat,1.00,0.0002
3n,1.00,0.0002
3hav,1.00,0.0002
kent,1.00,0.0002
hfh,1.00,0.0002
hfh0077,1.00,0.0002
amiee,1.00,0.0002
amiee3,1.00,0.0002
pinkice,1.00,0.0002
firmandlu,1.00,0.0002
mikewill,1.00,0.0002
8229,1.00,0.0002
fly,1.00,0.0002
0mb,1.00,0.0002
102794,1.00,0.0002
9211,1.00,0.0002
75150,1.00,0.0002
mikee,1.00,0.0002
rainahwang,1.00,0.0002
bostic,1.00,0.0002
jasmin,1.00,0.0002
2090,1.00,0.0002
10123,1.00,0.0002
satya10123,1.00,0.0002
mybiz,1.00,0.0002
790,1.00,0.0002
mybiz790,1.00,0.0002
khan,1.00,0.0002
khan54,1.00,0.0002
willie,1.00,0.0002
zoe,1.00,0.0002
33837,1.00,0.0002
85334,1.00,0.0002
mothershead,1.00,0.0002
11703,1.00,0.0002
0208,1.00,0.0002
grubb,1.00,0.0002
grubb_rose,1.00,0.0002
allurng,1.00,0.0002
spasko,1.00,0.0002
bruno,1.00,0.0002
sdxfsdfsdf,1.00,0.0002
erdons,1.00,0.0002
benhozar,1.00,0.0002
nopests,1.00,0.0002
rcb,1.00,0.0002
0816,1.00,0.0002
djpuppet,1.00,0.0002
evanc,1.00,0.0002
amrul,1.00,0.0002
28199,1.00,0.0002
khushi28199,1.00,0.0002
khushi,1.00,0.0002
702119,1.00,0.0002
oc,1.00,0.0002
gregor,1.00,0.0002
aimes,1.00,0.0002
annalis,1.00,0.0002
fgd,1.00,0.0002
carolinapr,1.00,0.0002
popsportshoes,1.00,0.0002
valhalla,1.00,0.0002
clouds,1.00,0.0002
fuller,1.00,0.0002
ellient,1.00,0.0002
lumecare,1.00,0.0002
sho,1.00,0.0002
trippjen,1.00,0.0002
105,1.00,0.0002
lenie,1.00,0.0002
malynpt,1.00,0.0002
cheena,1.00,0.0002
cherry,1.00,0.0002
melodee,1.00,0.0002
ferdmagnd,1.00,0.0002
gregpmorris,1.00,0.0002
kaerynn,1.00,0.0002
nanner,1.00,0.0002
middler,1.00,0.0002
middler09,1.00,0.0002
leyla,1.00,0.0002
bulrush001,1.00,0.0002
bulrush,1.00,0.0002
taj,1.00,0.0002
chaosctf,1.00,0.0002
bannister,1.00,0.0002
leia,1.00,0.0002
njr,1.00,0.0002
6925,1.00,0.0002
qiqee,1.00,0.0002
tamuril,1.00,0.0002
2jojo,1.00,0.0002
0303,1.00,0.0002
creative,1.00,0.0002
stu,1.00,0.0002
stu102,1.00,0.0002
bwhph,1.00,0.0002
14320,1.00,0.0002
rubies,1.00,0.0002
82609,1.00,0.0002
121106,1.00,0.0002
456952,1.00,0.0002
aezat,1.00,0.0002
hartsock,1.00,0.0002
maxie,1.00,0.0002
180393,1.00,0.0002
azaza,1.00,0.0002
johnnyjoiner,1.00,0.0002
primitive,1.00,0.0002
shyam,1.00,0.0002
wdan,1.00,0.0002
connelly,1.00,0.0002
ammnow,1.00,0.0002
raheel,1.00,0.0002
3489,1.00,0.0002
alisha,1.00,0.0002
swatsniper,1.00,0.0002
sbmedina,1.00,0.0002
blegs,1.00,0.0002
blegs01,1.00,0.0002
zilsere,1.00,0.0002
taxeras,1.00,0.0002
iggy,1.00,0.0002
adidasman,1.00,0.0002
clemhaven,1.00,0.0002
543,1.00,0.0002
doperman,1.00,0.0002
376,1.00,0.0002
amanzai,1.00,0.0002
kwilliams,1.00,0.0002
3486,1.00,0.0002
sooks,1.00,0.0002
goran,1.00,0.0002
okke,1.00,0.0002
raiders87,1.00,0.0002
raiders,1.00,0.0002
glegs1992,1.00,0.0002
glegs,1.00,0.0002
sahil,1.00,0.0002
dublinpets,1.00,0.0002
mib,1.00,0.0002
marian20,1.00,0.0002
filmrb,1.00,0.0002
captainu,1.00,0.0002
interpol,1.00,0.0002
merissa,1.00,0.0002
mijing,1.00,0.0002
suburban,1.00,0.0002
apop,1.00,0.0002
treadmill,1.00,0.0002
fbgcarol,1.00,0.0002
plu91,1.00,0.0002
plu,1.00,0.0002
aoey,1.00,0.0002
chandrika,1.00,0.0002
1071644,1.00,0.0002
philips,1.00,0.0002
eugene,1.00,0.0002
caesar,1.00,0.0002
caesar098,1.00,0.0002
wakanda,1.00,0.0002
mathz,1.00,0.0002
mathz1985,1.00,0.0002
ionita,1.00,0.0002
52204,1.00,0.0002
haewon,1.00,0.0002
565,1.00,0.0002
5656,1.00,0.0002
0060,1.00,0.0002
bulldog,1.00,0.0002
chefdug,1.00,0.0002
dabears,1.00,0.0002
dabears9,1.00,0.0002
arju,1.00,0.0002
whitewaveadmin,1.00,0.0002
264,1.00,0.0002
dor,1.00,0.0002
2152,1.00,0.0002
wn,1.00,0.0002
khurana,1.00,0.0002
sia,1.00,0.0002
cpogan,1.00,0.0002
3206,1.00,0.0002
9235,1.00,0.0002
11412,1.00,0.0002
snacky,1.00,0.0002
jlj,1.00,0.0002
kochtgr,1.00,0.0002
22234,1.00,0.0002
kinowoman,1.00,0.0002
dtew,1.00,0.0002
3423,1.00,0.0002
1005,1.00,0.0002
allen,1.00,0.0002
flomyrt,1.00,0.0002
ayce,1.00,0.0002
rxn,1.00,0.0002
rxn627,1.00,0.0002
pooter,1.00,0.0002
ally,1.00,0.0002
3008,1.00,0.0002
22229,1.00,0.0002
dantk,1.00,0.0002
1290,1.00,0.0002
0s,1.00,0.0002
seri,1.00,0.0002
9723,1.00,0.0002
nismo,1.00,0.0002
22220,1.00,0.0002
rasika,1.00,0.0002
ulissi,1.00,0.0002
visions56,1.00,0.0002
visions,1.00,0.0002
3388,1.00,0.0002
1046,1.00,0.0002
rajeewa,1.00,0.0002
wsw,1.00,0.0002
22200,1.00,0.0002
dead,1.00,0.0002
solaris,1.00,0.0002
darcyb,1.00,0.0002
wags,1.00,0.0002
kharwal,1.00,0.0002
central,1.00,0.0002
culbreath,1.00,0.0002
culbreath1,1.00,0.0002
22180,1.00,0.0002
atr,1.00,0.0002
hjmiller,1.00,0.0002
vishnu,1.00,0.0002
bwozny,1.00,0.0002
poor,1.00,0.0002
ids,1.00,0.0002
calvinyap,1.00,0.0002
calvinyap08,1.00,0.0002
kfinche,1.00,0.0002
22198,1.00,0.0002
22210,1.00,0.0002
22197,1.00,0.0002
22194,1.00,0.0002
pro,1.00,0.0002
22196,1.00,0.0002
22195,1.00,0.0002
pawankhadka,1.00,0.0002
blamo45,1.00,0.0002
blamo,1.00,0.0002
967,1.00,0.0002
parker,1.00,0.0002
goonhold,1.00,0.0002
pastorandy,1.00,0.0002
3804,1.00,0.0002
yassin,1.00,0.0002
9555,1.00,0.0002
22184,1.00,0.0002
22169,1.00,0.0002
22174,1.00,0.0002
22203,1.00,0.0002
22177,1.00,0.0002
4784,1.00,0.0002
zik,1.00,0.0002
22211,1.00,0.0002
22170,1.00,0.0002
22178,1.00,0.0002
primedia,1.00,0.0002
lifero,1.00,0.0002
milarichards,1.00,0.0002
22244,1.00,0.0002
22277,1.00,0.0002
22207,1.00,0.0002
22204,1.00,0.0002
bornbrave,1.00,0.0002
saumyajit,1.00,0.0002
ileonaj,1.00,0.0002
4590,1.00,0.0002
cskhee,1.00,0.0002
cskhee2,1.00,0.0002
122812,1.00,0.0002
genabukin,1.00,0.0002
lan,1.00,0.0002
hibobibo,1.00,0.0002
image,1.00,0.0002
heit,1.00,0.0002
arnea,1.00,0.0002
ayesharr,1.00,0.0002
ck63mft,1.00,0.0002
mft,1.00,0.0002
bperkio,1.00,0.0002
mns,1.00,0.0002
hndsomdvl,1.00,0.0002
chappen,1.00,0.0002
markley,1.00,0.0002
bsykes1204,1.00,0.0002
bsykes,1.00,0.0002
andyrerick,1.00,0.0002
tonygarc,1.00,0.0002
tonygarc87,1.00,0.0002
jamelgreen54,1.00,0.0002
jamelgreen,1.00,0.0002
salmanlatif,1.00,0.0002
meemz,1.00,0.0002
littleloba,1.00,0.0002
littleloba12,1.00,0.0002
karthik,1.00,0.0002
leathernxg,1.00,0.0002
6104,1.00,0.0002
1818,1.00,0.0002
writox,1.00,0.0002
vishesh,1.00,0.0002
rbyelbic,1.00,0.0002
2087,1.00,0.0002
hasif,1.00,0.0002
tummala,1.00,0.0002
fonager,1.00,0.0002
6465,1.00,0.0002
aghostcn,1.00,0.0002
harry,1.00,0.0002
derek77,1.00,0.0002
aries,1.00,0.0002
browncoat,1.00,0.0002
browncoat82,1.00,0.0002
hussain,1.00,0.0002
2560,1.00,0.0002
1566,1.00,0.0002
iw,1.00,0.0002
jam,1.00,0.0002
teens,1.00,0.0002
thomaslove,1.00,0.0002
mahabir3,1.00,0.0002
mahabir,1.00,0.0002
trialx,1.00,0.0002
aaronmcjule,1.00,0.0002
brandonmcshire,1.00,0.0002
donedo,1.00,0.0002
1187,1.00,0.0002
amzad,1.00,0.0002
mollz,1.00,0.0002
vourakis33,1.00,0.0002
vourakis,1.00,0.0002
sally,1.00,0.0002
amisha,1.00,0.0002
balloonseo01,1.00,0.0002
balloonseo,1.00,0.0002
satyam,1.00,0.0002
jdwhite,1.00,0.0002
alana,1.00,0.0002
214413,1.00,0.0002
jademan,1.00,0.0002
jademan99,1.00,0.0002
lakhwaraa,1.00,0.0002
jacqueline,1.00,0.0002
mnrrbn,1.00,0.0002
eggad,1.00,0.0002
dinu,1.00,0.0002
980,1.00,0.0002
1180,1.00,0.0002
sarita,1.00,0.0002
0417,1.00,0.0002
646,1.00,0.0002
779,1.00,0.0002
jin,1.00,0.0002
xavierbarker,1.00,0.0002
pat,1.00,0.0002
lgross,1.00,0.0002
loyola,1.00,0.0002
651,1.00,0.0002
257,1.00,0.0002
mdaphnis,1.00,0.0002
neo,1.00,0.0002
mcguire,1.00,0.0002
cantu,1.00,0.0002
1242,1.00,0.0002
nyliram,1.00,0.0002
pokerking,1.00,0.0002
pokerking290,1.00,0.0002
3426,1.00,0.0002
1788,1.00,0.0002
59221,1.00,0.0002
umass,1.00,0.0002
2945,1.00,0.0002
monchiz22,1.00,0.0002
monchiz,1.00,0.0002
ers,1.00,0.0002
drdc,1.00,0.0002
nthom,1.00,0.0002
phoenix,1.00,0.0002
5521,1.00,0.0002
natalie,1.00,0.0002
61696,1.00,0.0002
reemix,1.00,0.0002
2250,1.00,0.0002
780,1.00,0.0002
sd,1.00,0.0002
jayryan02,1.00,0.0002
jayryan,1.00,0.0002
toocon,1.00,0.0002
kmd,1.00,0.0002
scouthobby,1.00,0.0002
bellab,1.00,0.0002
hyer,1.00,0.0002
cdk,1.00,0.0002
ktpisces,1.00,0.0002
ktpisces09,1.00,0.0002
wweccs,1.00,0.0002
mabuanga,1.00,0.0002
lanifranco,1.00,0.0002
sauvie,1.00,0.0002
sauvie22,1.00,0.0002
hidalgofoods,1.00,0.0002
kodster,1.00,0.0002
cyberex69,1.00,0.0002
cyberex,1.00,0.0002
ruc,1.00,0.0002
saq,1.00,0.0002
sonika,1.00,0.0002
3768,1.00,0.0002
amohamed,1.00,0.0002
suliman,1.00,0.0002
oni,1.00,0.0002
batuwl,1.00,0.0002
scaris,1.00,0.0002
trisha,1.00,0.0002
mickey,1.00,0.0002
sigma,1.00,0.0002
myvegasvegas,1.00,0.0002
blackjack,1.00,0.0002
kennymi6,1.00,0.0002
kennymi,1.00,0.0002
abadie,1.00,0.0002
johnelec,1.00,0.0002
johnelec36,1.00,0.0002
22176,1.00,0.0002
22300,1.00,0.0002
22285,1.00,0.0002
muqtada,1.00,0.0002
jshawn,1.00,0.0002
samvag,1.00,0.0002
22299,1.00,0.0002
raimis,1.00,0.0002
nikola,1.00,0.0002
4589,1.00,0.0002
bindal,1.00,0.0002
kashish,1.00,0.0002
simon,1.00,0.0002
spetullo,1.00,0.0002
bivens,1.00,0.0002
lilphil,1.00,0.0002
elio,1.00,0.0002
yeldarb,1.00,0.0002
yeldarb95,1.00,0.0002
22202,1.00,0.0002
22302,1.00,0.0002
milligan,1.00,0.0002
dalijohn,1.00,0.0002
tamtru27,1.00,0.0002
tamtru,1.00,0.0002
gazzar001,1.00,0.0002
gazzar,1.00,0.0002
20050125,1.00,0.0002
alayshamania,1.00,0.0002
vinaygrover,1.00,0.0002
rlava,1.00,0.0002
rlava13,1.00,0.0002
984,1.00,0.0002
rkw,1.00,0.0002
rkw8741,1.00,0.0002
8741,1.00,0.0002
chick,1.00,0.0002
hyder,1.00,0.0002
meliza,1.00,0.0002
tisindia,1.00,0.0002
mhelp,1.00,0.0002
0458,1.00,0.0002
jes0458,1.00,0.0002
jes,1.00,0.0002
swking,1.00,0.0002
jordan5412,1.00,0.0002
5412,1.00,0.0002
62446,1.00,0.0002
weboseo,1.00,0.0002
sillar,1.00,0.0002
fano,1.00,0.0002
allsupinc,1.00,0.0002
beckett,1.00,0.0002
sopan,1.00,0.0002
lopsco,1.00,0.0002
lopsco123,1.00,0.0002
lanbo,1.00,0.0002
gcman,1.00,0.0002
tastik,1.00,0.0002
learningtoys,1.00,0.0002
farrah,1.00,0.0002
398,1.00,0.0002
ssharat,1.00,0.0002
kalebgriffin,1.00,0.0002
hwayvet,1.00,0.0002
matsy,1.00,0.0002
chrissy,1.00,0.0002
jamespatrick,1.00,0.0002
kchatty,1.00,0.0002
madimae,1.00,0.0002
madimae98,1.00,0.0002
83108,1.00,0.0002
jenkins,1.00,0.0002
22192,1.00,0.0002
22225,1.00,0.0002
fdv,1.00,0.0002
patricia,1.00,0.0002
maggie,1.00,0.0002
julio,1.00,0.0002
williamsfg,1.00,0.0002
999999,1.00,0.0002
0690,1.00,0.0002
dardeedust,1.00,0.0002
ronsaki,1.00,0.0002
ronsaki1,1.00,0.0002
3956,1.00,0.0002
2906,1.00,0.0002
ramu,1.00,0.0002
7277,1.00,0.0002
syafitri,1.00,0.0002
tripl,1.00,0.0002
teager,1.00,0.0002
women,1.00,0.0002
22182,1.00,0.0002
shivani,1.00,0.0002
shunya,1.00,0.0002
tmma07,1.00,0.0002
tmma,1.00,0.0002
liquera,1.00,0.0002
prabhat,1.00,0.0002
miskas,1.00,0.0002
avast,1.00,0.0002
avast2help,1.00,0.0002
2help,1.00,0.0002
narnia,1.00,0.0002
pvef,1.00,0.0002
suchi,1.00,0.0002
bosko,1.00,0.0002
sibaja,1.00,0.0002
taoikeda,1.00,0.0002
ridha,1.00,0.0002
33324,1.00,0.0002
ridha33324,1.00,0.0002
aharris66,1.00,0.0002
aharris,1.00,0.0002
kinna,1.00,0.0002
kinna886,1.00,0.0002
1350,1.00,0.0002
rhino,1.00,0.0002
guvin,1.00,0.0002
mackenzie,1.00,0.0002
deerabbi,1.00,0.0002
0615,1.00,0.0002
moocow,1.00,0.0002
moocow236,1.00,0.0002
agen,1.00,0.0002
thuan,1.00,0.0002
callum1910,1.00,0.0002
callum,1.00,0.0002
v9design,1.00,0.0002
9design,1.00,0.0002
ranganath,1.00,0.0002
sturgis,1.00,0.0002
mehir,1.00,0.0002
2021,1.00,0.0002
tbittle,1.00,0.0002
5995,1.00,0.0002
guru,1.00,0.0002
100781,1.00,0.0002
huzaifa,1.00,0.0002
plmkoijbhu,1.00,0.0002
vlad,1.00,0.0002
351,1.00,0.0002
natjo,1.00,0.0002
firewater,1.00,0.0002
wannebo,1.00,0.0002
2882,1.00,0.0002
zakrisson,1.00,0.0002
kimby,1.00,0.0002
cyberarts,1.00,0.0002
budoinst,1.00,0.0002
5140,1.00,0.0002
candice,1.00,0.0002
937,1.00,0.0002
myrla,1.00,0.0002
kyla,1.00,0.0002
12486,1.00,0.0002
carla,1.00,0.0002
bwired,1.00,0.0002
9999,1.00,0.0002
leigh,1.00,0.0002
nekiwa,1.00,0.0002
butlerca,1.00,0.0002
1393,1.00,0.0002
pelfrey,1.00,0.0002
abhi,1.00,0.0002
paulk,1.00,0.0002
ky,1.00,0.0002
asiyih,1.00,0.0002
dondo,1.00,0.0002
9697,1.00,0.0002
mimir,1.00,0.0002
mimir68,1.00,0.0002
yvonne,1.00,0.0002
fanscape,1.00,0.0002
1ng,1.00,0.0002
kco1ng,1.00,0.0002
kco,1.00,0.0002
timmer,1.00,0.0002
minkus,1.00,0.0002
edmundas,1.00,0.0002
chilereobi,1.00,0.0002
sohani,1.00,0.0002
jay_sohani,1.00,0.0002
suzi,1.00,0.0002
fatman,1.00,0.0002
accounts,1.00,0.0002
umich,1.00,0.0002
tpring,1.00,0.0002
bachan,1.00,0.0002
mediacontacts,1.00,0.0002
22453,1.00,0.0002
22474,1.00,0.0002
22504,1.00,0.0002
aline,1.00,0.0002
vmubang,1.00,0.0002
roselan,1.00,0.0002
22522,1.00,0.0002
22500,1.00,0.0002
22454,1.00,0.0002
brindha,1.00,0.0002
binghugh,1.00,0.0002
rosario,1.00,0.0002
22509,1.00,0.0002
mw,1.00,0.0002
exershare,1.00,0.0002
22458,1.00,0.0002
22503,1.00,0.0002
nickyp69,1.00,0.0002
nickyp,1.00,0.0002
rem,1.00,0.0002
nidayahya,1.00,0.0002
regan,1.00,0.0002
lazy,1.00,0.0002
barkauskas,1.00,0.0002
kkdren,1.00,0.0002
elaine,1.00,0.0002
13662,1.00,0.0002
drake,1.00,0.0002
bfk,1.00,0.0002
jaydixon,1.00,0.0002
jaydixon97,1.00,0.0002
jiha96,1.00,0.0002
jiha,1.00,0.0002
xiekaibei,1.00,0.0002
snake,1.00,0.0002
craig,1.00,0.0002
umair,1.00,0.0002
stillmaw,1.00,0.0002
skinner,1.00,0.0002
404575,1.00,0.0002
mizamkp,1.00,0.0002
0913,1.00,0.0002
kpwnc,1.00,0.0002
1j,1.00,0.0002
kpwnc1j,1.00,0.0002
ravindra,1.00,0.0002
193081,1.00,0.0002
22391,1.00,0.0002
465,1.00,0.0002
nike,1.00,0.0002
noydcom,1.00,0.0002
akiti,1.00,0.0002
kt,1.00,0.0002
xendee,1.00,0.0002
jofmidvvgavlmp,1.00,0.0002
hazriana,1.00,0.0002
22459,1.00,0.0002
shiplu,1.00,0.0002
ubee,1.00,0.0002
anteneh,1.00,0.0002
82681,1.00,0.0002
ivy,1.00,0.0002
eaglewing,1.00,0.0002
22562,1.00,0.0002
billiegoatgruff,1.00,0.0002
dre22ricky,1.00,0.0002
0529,1.00,0.0002
839,1.00,0.0002
lalith,1.00,0.0002
greave,1.00,0.0002
22622,1.00,0.0002
zahiya79,1.00,0.0002
zahiya,1.00,0.0002
dupor,1.00,0.0002
zwarrior,1.00,0.0002
frizzell,1.00,0.0002
079,1.00,0.0002
filmshack,1.00,0.0002
mika,1.00,0.0002
mika09,1.00,0.0002
is,1.00,0.0002
cassandra,1.00,0.0002
phjhay,1.00,0.0002
jeanie,1.00,0.0002
bujes,1.00,0.0002
nesci,1.00,0.0002
asanor,1.00,0.0002
1325,1.00,0.0002
webchutney,1.00,0.0002
ar,1.00,0.0002
5201314,1.00,0.0002
eileen,1.00,0.0002
1228,1.00,0.0002
cm91311,1.00,0.0002
91311,1.00,0.0002
atdmay,1.00,0.0002
0407,1.00,0.0002
srhira,1.00,0.0002
1191,1.00,0.0002
matriel,1.00,0.0002
dallas,1.00,0.0002
flyersc,1.00,0.0002
flyersc1,1.00,0.0002
jayneel,1.00,0.0002
macca,1.00,0.0002
1498,1.00,0.0002
2451,1.00,0.0002
cr,1.00,0.0002
xjw,1.00,0.0002
zeppos,1.00,0.0002
maverick,1.00,0.0002
maverick180c,1.00,0.0002
torres,1.00,0.0002
santoshs,1.00,0.0002
edwinkoh,1.00,0.0002
yara,1.00,0.0002
054,1.00,0.0002
sharad,1.00,0.0002
nitu,1.00,0.0002
3806,1.00,0.0002
mrshark,1.00,0.0002
mrshark101,1.00,0.0002
forrest,1.00,0.0002
carole,1.00,0.0002
contact,1.00,0.0002
corona,1.00,0.0002
fourchalk,1.00,0.0002
paid,1.00,0.0002
sentientit,1.00,0.0002
superjoe,1.00,0.0002
mikayla,1.00,0.0002
kolundzija,1.00,0.0002
shaks99,1.00,0.0002
shaks,1.00,0.0002
jpadams,1.00,0.0002
99345,1.00,0.0002
f4t99345,1.00,0.0002
eftos,1.00,0.0002
matternow,1.00,0.0002
reindeer,1.00,0.0002
8756,1.00,0.0002
xavier,1.00,0.0002
zbeak,1.00,0.0002
7721,1.00,0.0002
delia,1.00,0.0002
3m,1.00,0.0002
sandi3m,1.00,0.0002
101082,1.00,0.0002
shanaz,1.00,0.0002
mladen,1.00,0.0002
lavinia,1.00,0.0002
xiujuan,1.00,0.0002
582615815,1.00,0.0002
ikna,1.00,0.0002
giulika,1.00,0.0002
fan,1.00,0.0002
janemarin,1.00,0.0002
arbutus,1.00,0.0002
midoricastle,1.00,0.0002
groutcm,1.00,0.0002
johndoe,1.00,0.0002
ness,1.00,0.0002
youarespamtastic,1.00,0.0002
shahzeb,1.00,0.0002
berkweb,1.00,0.0002
agusta,1.00,0.0002
julmer,1.00,0.0002
kit,1.00,0.0002
jones,1.00,0.0002
mdsn,1.00,0.0002
641,1.00,0.0002
michaeljohn,1.00,0.0002
ajey,1.00,0.0002
nicoarts,1.00,0.0002
kodiak7269,1.00,0.0002
kodiak,1.00,0.0002
deaug13,1.00,0.0002
deaug,1.00,0.0002
8794,1.00,0.0002
arijit,1.00,0.0002
musamalik,1.00,0.0002
abir,1.00,0.0002
chuck,1.00,0.0002
steph,1.00,0.0002
0703,1.00,0.0002
defri,1.00,0.0002
81791,1.00,0.0002
viagra,1.00,0.0002
paolini,1.00,0.0002
erical,1.00,0.0002
akarsh,1.00,0.0002
contemporary,1.00,0.0002
kbbigboy,1.00,0.0002
kbbigboy3,1.00,0.0002
shoremaster,1.00,0.0002
mohsinali,1.00,0.0002
terwqt,1.00,0.0002
umadhar,1.00,0.0002
waby,1.00,0.0002
0211,1.00,0.0002
387,1.00,0.0002
121788,1.00,0.0002
1194,1.00,0.0002
alb1194,1.00,0.0002
jdavorin,1.00,0.0002
341,1.00,0.0002
kali,1.00,0.0002
7282,1.00,0.0002
playaz,1.00,0.0002
fq,1.00,0.0002
gianni,1.00,0.0002
hendrix,1.00,0.0002
pmorris,1.00,0.0002
mdwl,1.00,0.0002
dpkduneesha,1.00,0.0002
killadiver,1.00,0.0002
nicospas,1.00,0.0002
gmoisescu,1.00,0.0002
bnbfinder,1.00,0.0002
jaka,1.00,0.0002
moor,1.00,0.0002
netpace,1.00,0.0002
ebetesh,1.00,0.0002
tbbico,1.00,0.0002
tcass,1.00,0.0002
tcass069,1.00,0.0002
lem,1.00,0.0002
dcm,1.00,0.0002
sofy,1.00,0.0002
2050,1.00,0.0002
antarra,1.00,0.0002
1594,1.00,0.0002
darl,1.00,0.0002
acharinrn,1.00,0.0002
59715,1.00,0.0002
thama,1.00,0.0002
nel1jack,1.00,0.0002
1jack,1.00,0.0002
shanae,1.00,0.0002
mchlbamn,1.00,0.0002
hendrahadi,1.00,0.0002
goooza,1.00,0.0002
goooza12,1.00,0.0002
ii,1.00,0.0002
250178,1.00,0.0002
ii250178,1.00,0.0002
marine,1.00,0.0002
zigfried,1.00,0.0002
54199,1.00,0.0002
3212,1.00,0.0002
dandigiri,1.00,0.0002
vcppc,1.00,0.0002
arcadiagp,1.00,0.0002
jehan,1.00,0.0002
5577,1.00,0.0002
3rdo,1.00,0.0002
shaphouse,1.00,0.0002
putu,1.00,0.0002
shaz,1.00,0.0002
1317659815,1.00,0.0002
hps,1.00,0.0002
lioness,1.00,0.0002
lioness35,1.00,0.0002
technews,1.00,0.0002
halea,1.00,0.0002
tylerquinn,1.00,0.0002
bigbear,1.00,0.0002
rohitsha,1.00,0.0002
aurorab,1.00,0.0002
aurorab77,1.00,0.0002
hail,1.00,0.0002
nbs,1.00,0.0002
cinta,1.00,0.0002
tomdick,1.00,0.0002
454545,1.00,0.0002
wan,1.00,0.0002
wan454545,1.00,0.0002
1luke,1.00,0.0002
cat1luke,1.00,0.0002
or35bi,1.00,0.0002
bi,1.00,0.0002
or,1.00,0.0002
1320698241,1.00,0.0002
pnut,1.00,0.0002
yaoguanglv,1.00,0.0002
roserdolly,1.00,0.0002
xkc,1.00,0.0002
675,1.00,0.0002
payal,1.00,0.0002
tonyajohn,1.00,0.0002
irisha,1.00,0.0002
mzasia,1.00,0.0002
vaxium,1.00,0.0002
hkbuga,1.00,0.0002
brett,1.00,0.0002
maab,1.00,0.0002
272659,1.00,0.0002
zhang272659,1.00,0.0002
melisha,1.00,0.0002
stipek,1.00,0.0002
4163,1.00,0.0002
voulue,1.00,0.0002
cablesys,1.00,0.0002
brooks,1.00,0.0002
azhar,1.00,0.0002
anitescu,1.00,0.0002
nicoleanne,1.00,0.0002
kirb,1.00,0.0002
astros,1.00,0.0002
masterwriter,1.00,0.0002
r98821,1.00,0.0002
98821,1.00,0.0002
4792,1.00,0.0002
one,1.00,0.0002
ilakkiya,1.00,0.0002
arraj,1.00,0.0002
acdude123,1.00,0.0002
acdude,1.00,0.0002
ukfinancials,1.00,0.0002
akmx,1.00,0.0002
akmx342,1.00,0.0002
cres,1.00,0.0002
nahid,1.00,0.0002
vinod,1.00,0.0002
196,1.00,0.0002
huatingyu,1.00,0.0002
manoranjan,1.00,0.0002
myplaywin,1.00,0.0002
zoofky,1.00,0.0002
taytay,1.00,0.0002
clik,1.00,0.0002
0okm,1.00,0.0002
benson,1.00,0.0002
eduki,1.00,0.0002
jonharwokey,1.00,0.0002
sb1959,1.00,0.0002
timpark,1.00,0.0002
autai,1.00,0.0002
asad,1.00,0.0002
waldron,1.00,0.0002
bellaaeris,1.00,0.0002
vienna,1.00,0.0002
atish,1.00,0.0002
shinesmn,1.00,0.0002
shinesmn985,1.00,0.0002
169,1.00,0.0002
nmoa,1.00,0.0002
sunny,1.00,0.0002
5528,1.00,0.0002
1239,1.00,0.0002
marinatran,1.00,0.0002
willowbrook,1.00,0.0002
libbers,1.00,0.0002
martins,1.00,0.0002
moffett,1.00,0.0002
sully,1.00,0.0002
sistamean,1.00,0.0002
baldwin,1.00,0.0002
innovatoria,1.00,0.0002
armwoods,1.00,0.0002
samanthalee,1.00,0.0002
timothy,1.00,0.0002
gz,1.00,0.0002
dimas,1.00,0.0002
stopcollector,1.00,0.0002
62995,1.00,0.0002
5155,1.00,0.0002
eliance,1.00,0.0002
barbverm,1.00,0.0002
toolbox,1.00,0.0002
gabi,1.00,0.0002
natra,1.00,0.0002
plstein,1.00,0.0002
polski,1.00,0.0002
submit,1.00,0.0002
amenya,1.00,0.0002
256,1.00,0.0002
hirestrategy,1.00,0.0002
airista,1.00,0.0002
3079,1.00,0.0002
laidley,1.00,0.0002
scottbamboo,1.00,0.0002
rfitz,1.00,0.0002
rfitz21,1.00,0.0002
stefen,1.00,0.0002
ginster,1.00,0.0002
segast,1.00,0.0002
bwyche187,1.00,0.0002
bwyche,1.00,0.0002
skyblu,1.00,0.0002
1ght,1.00,0.0002
3l,1.00,0.0002
skyblu3l1ght,1.00,0.0002
ricossa,1.00,0.0002
kiko181292,1.00,0.0002
181292,1.00,0.0002
irinavanessa,1.00,0.0002
svrkiran,1.00,0.0002
11906,1.00,0.0002
messy,1.00,0.0002
witchy,1.00,0.0002
3271,1.00,0.0002
mohite,1.00,0.0002
galaxia,1.00,0.0002
vmoney,1.00,0.0002
rod,1.00,0.0002
neanie,1.00,0.0002
dsdsfsd,1.00,0.0002
charen,1.00,0.0002
medic,1.00,0.0002
demone,1.00,0.0002
1844,1.00,0.0002
bikewagon,1.00,0.0002
71472,1.00,0.0002
jmc71472,1.00,0.0002
carausher,1.00,0.0002
091391,1.00,0.0002
melody,1.00,0.0002
dubkov,1.00,0.0002
ivailo,1.00,0.0002
ehtp,1.00,0.0002
dfgranados,1.00,0.0002
47122,1.00,0.0002
3120,1.00,0.0002
shuping,1.00,0.0002
person,1.00,0.0002
zenman,1.00,0.0002
qiyaner,1.00,0.0002
1688,1.00,0.0002
4988,1.00,0.0002
bleak,1.00,0.0002
65202,1.00,0.0002
lutz,1.00,0.0002
kmy,1.00,0.0002
jesserman,1.00,0.0002
emikel,1.00,0.0002
4blues,1.00,0.0002
emikel4blues,1.00,0.0002
alekath,1.00,0.0002
112311,1.00,0.0002
autismhero54,1.00,0.0002
autismhero,1.00,0.0002
msul,1.00,0.0002
7436,1.00,0.0002
srleeplus,1.00,0.0002
rachana,1.00,0.0002
rachana123,1.00,0.0002
speedy,1.00,0.0002
majumdar,1.00,0.0002
bchunt,1.00,0.0002
bchunt123,1.00,0.0002
279,1.00,0.0002
0225,1.00,0.0002
campos,1.00,0.0002
tina801,1.00,0.0002
micsourcing,1.00,0.0002
pianist147,1.00,0.0002
pianist,1.00,0.0002
3346,1.00,0.0002
softobiz,1.00,0.0002
0220,1.00,0.0002
videopen,1.00,0.0002
hgvdhq,1.00,0.0002
lholt,1.00,0.0002
shanghao,1.00,0.0002
pineapple,1.00,0.0002
nowar,1.00,0.0002
buddyjimmy,1.00,0.0002
mmrdt5,1.00,0.0002
mmrdt,1.00,0.0002
sunlight,1.00,0.0002
kavikdog,1.00,0.0002
zanagen,1.00,0.0002
33301,1.00,0.0002
rob33301,1.00,0.0002
442,1.00,0.0002
thecodeis,1.00,0.0002
cobnanny,1.00,0.0002
leng,1.00,0.0002
6979,1.00,0.0002
kindly,1.00,0.0002
tatai,1.00,0.0002
dimitree,1.00,0.0002
6688,1.00,0.0002
dipen,1.00,0.0002
neelamraj,1.00,0.0002
canary,1.00,0.0002
mila3001,1.00,0.0002
mila,1.00,0.0002
3001,1.00,0.0002
azizah,1.00,0.0002
lopezhk,1.00,0.0002
yodarepublic,1.00,0.0002
60628,1.00,0.0002
amon,1.00,0.0002
amon60628,1.00,0.0002
urban,1.00,0.0002
urban123,1.00,0.0002
powersewing,1.00,0.0002
marieaure,1.00,0.0002
celeste,1.00,0.0002
dieterhub,1.00,0.0002
trudy,1.00,0.0002
buddyholmes,1.00,0.0002
piercom,1.00,0.0002
mckain,1.00,0.0002
1300,1.00,0.0002
299,1.00,0.0002
kashia,1.00,0.0002
winston,1.00,0.0002
garner,1.00,0.0002
sarahcruiise,1.00,0.0002
2528,1.00,0.0002
vinda,1.00,0.0002
austinreed,1.00,0.0002
natalia,1.00,0.0002
nurmela,1.00,0.0002
mjcamp15,1.00,0.0002
mjcamp,1.00,0.0002
kripster,1.00,0.0002
kariesue,1.00,0.0002
bonnie,1.00,0.0002
himesh,1.00,0.0002
amil,1.00,0.0002
fantage,1.00,0.0002
dcdomain,1.00,0.0002
findppm,1.00,0.0002
faisal,1.00,0.0002
laklem,1.00,0.0002
abe,1.00,0.0002
jill,1.00,0.0002
jsjbsm21,1.00,0.0002
jsjbsm,1.00,0.0002
morelgin,1.00,0.0002
1943,1.00,0.0002
winpossible,1.00,0.0002
hitendra,1.00,0.0002
paracord,1.00,0.0002
mfallon,1.00,0.0002
kliq,1.00,0.0002
mek,1.00,0.0002
3392,1.00,0.0002
moobabe1,1.00,0.0002
moobabe,1.00,0.0002
nbbta,1.00,0.0002
mfjm,1.00,0.0002
2730,1.00,0.0002
boon,1.00,0.0002
chhikara08,1.00,0.0002
chhikara,1.00,0.0002
marui,1.00,0.0002
elkanwan,1.00,0.0002
8664,1.00,0.0002
drowsy,1.00,0.0002
7978,1.00,0.0002
masterchinese,1.00,0.0002
rajathiraja,1.00,0.0002
sth,1.00,0.0002
lunipa3,1.00,0.0002
lunipa,1.00,0.0002
unt,1.00,0.0002
thestylistla,1.00,0.0002
micky,1.00,0.0002
ster,1.00,0.0002
b00ster,1.00,0.0002
7926,1.00,0.0002
pettings,1.00,0.0002
fareed,1.00,0.0002
orangeroof,1.00,0.0002
jhsweetie,1.00,0.0002
jhsweetie26,1.00,0.0002
wisc,1.00,0.0002
luckybutt,1.00,0.0002
estradamanny,1.00,0.0002
gamey,1.00,0.0002
gamey1023,1.00,0.0002
mindovamatta,1.00,0.0002
1633,1.00,0.0002
ceci,1.00,0.0002
jackdavis,1.00,0.0002
steventhornton,1.00,0.0002
shermanangelo,1.00,0.0002
emeryalex,1.00,0.0002
rogercheng,1.00,0.0002
markanderson,1.00,0.0002
staggsjanice,1.00,0.0002
clontzjulie,1.00,0.0002
laura815928,1.00,0.0002
815928,1.00,0.0002
debra,1.00,0.0002
means,1.00,0.0002
means_debra,1.00,0.0002
marywilkerson,1.00,0.0002
charlenebyers,1.00,0.0002
schneider,1.00,0.0002
somerset,1.00,0.0002
1781,1.00,0.0002
mrexa,1.00,0.0002
ferghie,1.00,0.0002
ferghie17,1.00,0.0002
shubrob,1.00,0.0002
swapna,1.00,0.0002
alce,1.00,0.0002
bensted,1.00,0.0002
deal4trade,1.00,0.0002
4trade,1.00,0.0002
deal,1.00,0.0002
caralzhu,1.00,0.0002
elsayed,1.00,0.0002
735,1.00,0.0002
sushantvohra,1.00,0.0002
1406,1.00,0.0002
81506,1.00,0.0002
sledor,1.00,0.0002
darrene,1.00,0.0002
clement,1.00,0.0002
wright,1.00,0.0002
afx,1.00,0.0002
capt,1.00,0.0002
ortho,1.00,0.0002
serwin,1.00,0.0002
lamoute,1.00,0.0002
457,1.00,0.0002
iam,1.00,0.0002
rinor,1.00,0.0002
5080,1.00,0.0002
4620,1.00,0.0002
1192,1.00,0.0002
dcrowl,1.00,0.0002
dcrowl1192,1.00,0.0002
rivaness,1.00,0.0002
pozoliento,1.00,0.0002
649,1.00,0.0002
mnk,1.00,0.0002
mnk8380,1.00,0.0002
8380,1.00,0.0002
aditi,1.00,0.0002
leeonna,1.00,0.0002
bozzies,0.50,0.0001
61304,0.50,0.0001
emeek,0.50,0.0001
kcr,0.50,0.0001
2p,0.50,0.0001
6j,0.50,0.0001
isinina,0.50,0.0001
524,0.50,0.0001
awriter,0.50,0.0001
nc,0.50,0.0001
irene,0.50,0.0001
ijazmines,0.50,0.0001
6243,0.50,0.0001
cusdenm,0.50,0.0001
rwm,0.50,0.0001
adunnahoo,0.50,0.0001
sinat,0.50,0.0001
skristmann,0.50,0.0001
ciaras,0.50,0.0001
wcrouse,0.50,0.0001
250,0.50,0.0001
jmk,0.50,0.0001
hascall,0.50,0.0001
7thking,0.50,0.0001
neelanjanag,0.50,0.0001
pjalaja,0.50,0.0001
theuno,0.50,0.0001
shuch,0.50,0.0001
mrjhblttr,0.50,0.0001
angusbarrett,0.50,0.0001
386,0.50,0.0001
sfrank,0.50,0.0001
pieper,0.50,0.0001
katiuska,0.50,0.0001
angelz,0.50,0.0001
acrab,0.50,0.0001
grace_lange,0.50,0.0001
kiah,0.50,0.0001
sound,0.50,0.0001
billmurphy,0.50,0.0001
sidellc,0.50,0.0001
502,0.50,0.0001
me.com,0.50,0.0001
mobius,0.50,0.0001
2x,0.50,0.0001
lababidi,0.50,0.0001
y.lababidi,0.50,0.0001
write,0.50,0.0001
026,0.50,0.0001
andriaw,0.50,0.0001
12012,0.50,0.0001
pilar,0.50,0.0001
rbasden,0.50,0.0001
jinglej,0.50,0.0001
shannone,0.50,0.0001
gorilla,0.50,0.0001
ej,0.50,0.0001
zanderz,0.50,0.0001
olivier,0.50,0.0001
761,0.50,0.0001
jdehe,0.50,0.0001
cbills,0.50,0.0001
estherg,0.50,0.0001
wilson,0.50,0.0001
natasha,0.50,0.0001
pwrite,0.50,0.0001
6162006,0.50,0.0001
cooke,0.50,0.0001
2vinita,0.50,0.0001
3333,0.50,0.0001
daw,0.50,0.0001
sbacon,0.50,0.0001
gitit,0.50,0.0001
914,0.50,0.0001
jhsif,0.50,0.0001
mkinney,0.50,0.0001
bea4is,0.50,0.0001
nfiore,0.50,0.0001
ccamerota,0.50,0.0001
rsteenberg,0.50,0.0001
jenni,0.50,0.0001
3blue,0.50,0.0001
csoundstreet,0.50,0.0001
sbj,0.50,0.0001
04213,0.50,0.0001
lana,0.50,0.0001
svlmij,0.50,0.0001
572,0.50,0.0001
sdizzel,0.50,0.0001
amberose,0.50,0.0001
damikoa,0.50,0.0001
728,0.50,0.0001
tnoland,0.50,0.0001
rmi,0.50,0.0001
ghil,0.50,0.0001
498,0.50,0.0001
499,0.50,0.0001
sacsuz,0.50,0.0001
lessiaw,0.50,0.0001
parthod,0.50,0.0001
betsy,0.50,0.0001
ayoung,0.50,0.0001
zazzu_usa,0.50,0.0001
atafuro,0.50,0.0001
heinz,0.50,0.0001
heinz_m,0.50,0.0001
weir,0.50,0.0001
wareham,0.50,0.0001
ysylvia,0.50,0.0001
ya7ya,0.50,0.0001
hayden,0.50,0.0001
lsherea,0.50,0.0001
lolz,0.50,0.0001
060,0.50,0.0001
coscend,0.50,0.0001
shaarath,0.50,0.0001
pence,0.50,0.0001
acason,0.50,0.0001
hvega,0.50,0.0001
jtwdd,0.50,0.0001
rilling,0.50,0.0001
pjh,0.50,0.0001
aprilwriter,0.50,0.0001
ajanth,0.50,0.0001
ei,0.50,0.0001
tliodice,0.50,0.0001
kjeroh,0.50,0.0001
vbenet,0.50,0.0001
0402,0.50,0.0001
cow_lady,0.50,0.0001
tsnoopy,0.50,0.0001
xlauren,0.50,0.0001
vt,0.50,0.0001
stoelb,0.50,0.0001
smceachern,0.50,0.0001
sdg,0.50,0.0001
branbranm,0.50,0.0001
stefanied,0.50,0.0001
jpicciotto,0.50,0.0001
maze,0.50,0.0001
nabhp,0.50,0.0001
nazilas,0.50,0.0001
jrodger,0.50,0.0001
riyazn,0.50,0.0001
2322,0.50,0.0001
cnsq,0.50,0.0001
82104,0.50,0.0001
kosinski,0.50,0.0001
eashow,0.50,0.0001
chw,0.50,0.0001
blogue,0.50,0.0001
luirrene,0.50,0.0001
coot,0.50,0.0001
ewolf,0.50,0.0001
jponte,0.50,0.0001
jada,0.50,0.0001
storm,0.50,0.0001
lj,0.50,0.0001
nuttin.nice,0.50,0.0001
4photos,0.50,0.0001
st_goca,0.50,0.0001
ssuhm,0.50,0.0001
ankeshk,0.50,0.0001
dm,0.50,0.0001
kabir,0.50,0.0001
skimmers,0.50,0.0001
dgrec,0.50,0.0001
richar,0.50,0.0001
chellew,0.50,0.0001
llawton,0.50,0.0001
led,0.50,0.0001
kwithers,0.50,0.0001
ginam,0.50,0.0001
767,0.50,0.0001
hevy,0.50,0.0001
dt,0.50,0.0001
maxannp,0.50,0.0001
92987,0.50,0.0001
corey,0.50,0.0001
yoga_laura,0.50,0.0001
086,0.50,0.0001
rz,0.50,0.0001
geist,0.50,0.0001
fu,0.50,0.0001
berdine,0.50,0.0001
5001,0.50,0.0001
lsmid,0.50,0.0001
4surf,0.50,0.0001
thundero,0.50,0.0001
4meu,0.50,0.0001
easton,0.50,0.0001
32102,0.50,0.0001
573,0.50,0.0001
acanneto,0.50,0.0001
kriapos,0.50,0.0001
eve.white,0.50,0.0001
steppen,0.50,0.0001
ilove,0.50,0.0001
erica,0.50,0.0001
horsemann,0.50,0.0001
crane,0.50,0.0001
shk,0.50,0.0001
pimpn,0.50,0.0001
jessr0x,0.50,0.0001
ltippette,0.50,0.0001
215600,0.50,0.0001
lady_tiga,0.50,0.0001
kween.kong,0.50,0.0001
athein,0.50,0.0001
deliac,0.50,0.0001
anil_okin,0.50,0.0001
statik,0.50,0.0001
ruby,0.50,0.0001
wmz,0.50,0.0001
ttapan,0.50,0.0001
kwaites,0.50,0.0001
alikats,0.50,0.0001
161,0.50,0.0001
roybal,0.50,0.0001
1wieman,0.50,0.0001
aturner,0.50,0.0001
2l,0.50,0.0001
emcinnis,0.50,0.0001
gracie,0.50,0.0001
kellyj,0.50,0.0001
winos,0.50,0.0001
dejae,0.50,0.0001
9q,0.50,0.0001
atodd,0.50,0.0001
tmendoza,0.50,0.0001
jogdc,0.50,0.0001
aljpromo,0.50,0.0001
acober,0.50,0.0001
cpeterson,0.50,0.0001
wyldseed,0.50,0.0001
0388,0.50,0.0001
skuhlgirl,0.50,0.0001
696,0.50,0.0001
bhughes,0.50,0.0001
kippy,0.50,0.0001
rorok,0.50,0.0001
brownlee,0.50,0.0001
_brownlee,0.50,0.0001
kelleel,0.50,0.0001
geerhead,0.50,0.0001
danunzio,0.50,0.0001
c_danunzio,0.50,0.0001
alhearn,0.50,0.0001
sharmina,0.50,0.0001
choice_goa,0.50,0.0001
aowens,0.50,0.0001
kraine,0.50,0.0001
driessen,0.50,0.0001
nagarajan,0.50,0.0001
burnoa,0.50,0.0001
bald,0.50,0.0001
ameliad,0.50,0.0001
travis.black,0.50,0.0001
jacks,0.50,0.0001
aware-jump,0.50,0.0001
gill,0.50,0.0001
lozer_hi,0.50,0.0001
jchesco,0.50,0.0001
rashmi,0.50,0.0001
aliciat,0.50,0.0001
ehsan,0.50,0.0001
varvell,0.50,0.0001
c_varvell,0.50,0.0001
angeli,0.50,0.0001
xhunter,0.50,0.0001
psmith,0.50,0.0001
deer,0.50,0.0001
qsi,0.50,0.0001
atown,0.50,0.0001
maine,0.50,0.0001
4200,0.50,0.0001
lotero,0.50,0.0001
dfn,0.50,0.0001
12968,0.50,0.0001
samoan.goddess,0.50,0.0001
bcmundt,0.50,0.0001
krystylb,0.50,0.0001
xsla,0.50,0.0001
emobley,0.50,0.0001
lgriffith,0.50,0.0001
2yr,0.50,0.0001
tzap,0.50,0.0001
zpeteman,0.50,0.0001
cbende,0.50,0.0001
lahumada,0.50,0.0001
yang,0.50,0.0001
ho,0.50,0.0001
vicky,0.50,0.0001
darciaa,0.50,0.0001
ctimothy,0.50,0.0001
fgolding,0.50,0.0001
ashan,0.50,0.0001
20000,0.50,0.0001
ginger,0.50,0.0001
karissas,0.50,0.0001
rscapin,0.50,0.0001
3x,0.50,0.0001
ch,0.50,0.0001
redwriters,0.50,0.0001
cardona,0.50,0.0001
del.jones,0.50,0.0001
mfisher,0.50,0.0001
jlb,0.50,0.0001
anni_are,0.50,0.0001
ked,0.50,0.0001
2rb,0.50,0.0001
noni,0.50,0.0001
sonalk,0.50,0.0001
lexi,0.50,0.0001
hc,0.50,0.0001
tberger,0.50,0.0001
janea_sewell,0.50,0.0001
bob.zang,0.50,0.0001
derrenj,0.50,0.0001
ejayveon,0.50,0.0001
kiran,0.50,0.0001
padmasini,0.50,0.0001
teya,0.50,0.0001
laflaca,0.50,0.0001
desiree.bisordi,0.50,0.0001
sakki,0.50,0.0001
sakki.k,0.50,0.0001
borgelinb,0.50,0.0001
loves,0.50,0.0001
by,0.50,0.0001
monarchz,0.50,0.0001
bonteekabra,0.50,0.0001
183,0.50,0.0001
237,0.50,0.0001
t_hladik,0.50,0.0001
hladik,0.50,0.0001
jeni,0.50,0.0001
krzochal,0.50,0.0001
oppenheim,0.50,0.0001
majackson,0.50,0.0001
436,0.50,0.0001
slockwood,0.50,0.0001
tangi,0.50,0.0001
thakran,0.50,0.0001
szqm,0.50,0.0001
medin,0.50,0.0001
maddie,0.50,0.0001
egulliver,0.50,0.0001
libra_cupid,0.50,0.0001
045,0.50,0.0001
efmeek,0.50,0.0001
tonmoyz,0.50,0.0001
atest,0.50,0.0001
tfb,0.50,0.0001
wend,0.50,0.0001
cjrmommy,0.50,0.0001
kam,0.50,0.0001
dhana,0.50,0.0001
gabyhtinoco,0.50,0.0001
babblin5,0.50,0.0001
babblin,0.50,0.0001
mtanjil,0.50,0.0001
romeo,0.50,0.0001
nicsi,0.50,0.0001
4peace,0.50,0.0001
cdanger,0.50,0.0001
4114,0.50,0.0001
ksp,0.50,0.0001
avadhutb,0.50,0.0001
dnisby,0.50,0.0001
1110,0.50,0.0001
snehal,0.50,0.0001
freekrunal,0.50,0.0001
org,0.50,0.0001
sakalass,0.50,0.0001
551,0.50,0.0001
madhankumar,0.50,0.0001
pooranix,0.50,0.0001
dimc,0.50,0.0001
wang,0.50,0.0001
8848,0.50,0.0001
2d,0.50,0.0001
dgfogus,0.50,0.0001
ceppy_ceppy,0.50,0.0001
gjammer,0.50,0.0001
sfarner,0.50,0.0001
prs,0.50,0.0001
fahad,0.50,0.0001
winchester,0.50,0.0001
desmainec,0.50,0.0001
jai,0.50,0.0001
1thanh,0.50,0.0001
ahaynes,0.50,0.0001
jadnicole,0.50,0.0001
esiepiela,0.50,0.0001
yozoria,0.50,0.0001
lms,0.50,0.0001
aratna,0.50,0.0001
oasis-bs,0.50,0.0001
rhameld,0.50,0.0001
sj,0.50,0.0001
rocket,0.50,0.0001
acompas,0.50,0.0001
bobbyg,0.50,0.0001
jackieb,0.50,0.0001
tiffartgls,0.50,0.0001
kajensaa,0.50,0.0001
aferrar,0.50,0.0001
kkc,0.50,0.0001
hi_bye,0.50,0.0001
syreeta,0.50,0.0001
bringania,0.50,0.0001
chapis_mayi,0.50,0.0001
pendragon,0.50,0.0001
sarge,0.50,0.0001
champion,0.50,0.0001
smcgee,0.50,0.0001
gartin,0.50,0.0001
749,0.50,0.0001
jennb,0.50,0.0001
bbrager,0.50,0.0001
gwynfor,0.50,0.0001
raogm,0.50,0.0001
jea,0.50,0.0001
up,0.50,0.0001
cmk,0.50,0.0001
2will,0.50,0.0001
janus,0.50,0.0001
0325,0.50,0.0001
romil,0.50,0.0001
skraus,0.50,0.0001
kdirtysweet,0.50,0.0001
rbughao,0.50,0.0001
-,0.50,0.0001
isteroids,0.50,0.0001
tremicak,0.50,0.0001
dexterfigg,0.50,0.0001
nand,0.50,0.0001
nand0,0.50,0.0001
688,0.50,0.0001
nogate,0.50,0.0001
kmccaslin,0.50,0.0001
helam,0.50,0.0001
magaleata,0.50,0.0001
arezina,0.50,0.0001
426,0.50,0.0001
goddess,0.50,0.0001
giuspat,0.50,0.0001
7o,0.50,0.0001
rosina,0.50,0.0001
schmitt,0.50,0.0001
6b,0.50,0.0001
ramey,0.50,0.0001
senigma,0.50,0.0001
arodeta,0.50,0.0001
yanil,0.50,0.0001
michelee,0.50,0.0001
ncremeens,0.50,0.0001
dbeavers,0.50,0.0001
hluchiani,0.50,0.0001
viewzi,0.50,0.0001
ak_naaz,0.50,0.0001
empress,0.50,0.0001
sanko,0.50,0.0001
lanning,0.50,0.0001
514,0.50,0.0001
486,0.50,0.0001
shr,0.50,0.0001
sloughside,0.50,0.0001
sy,0.50,0.0001
rhea_jade,0.50,0.0001
atul.sinha,0.50,0.0001
k-masuoka,0.50,0.0001
masuoka,0.50,0.0001
divon,0.50,0.0001
trinak,0.50,0.0001
anant,0.50,0.0001
y_notme,0.50,0.0001
notme,0.50,0.0001
fhack,0.50,0.0001
nrt,0.50,0.0001
mag_gro,0.50,0.0001
babygirls,0.50,0.0001
preuter,0.50,0.0001
rivera,0.50,0.0001
sulabh,0.50,0.0001
lainchbury,0.50,0.0001
apb,0.50,0.0001
brheaume,0.50,0.0001
0579,0.50,0.0001
sheba,0.50,0.0001
wk,0.50,0.0001
maddog,0.50,0.0001
2shot,0.50,0.0001
klarek,0.50,0.0001
barry_shumpert,0.50,0.0001
778,0.50,0.0001
russ_mairs,0.50,0.0001
chelseyl,0.50,0.0001
nguyen,0.50,0.0001
asuresh,0.50,0.0001
xtrain.com,0.50,0.0001
jstitts,0.50,0.0001
sbsmall,0.50,0.0001
marge,0.50,0.0001
all-spy,0.50,0.0001
paul_ellul,0.50,0.0001
whaley,0.50,0.0001
ishew,0.50,0.0001
levos,0.50,0.0001
ydk,0.50,0.0001
grayrider,0.50,0.0001
srappy,0.50,0.0001
svarde,0.50,0.0001
jaygoodier,0.50,0.0001
stevie,0.50,0.0001
melaycae,0.50,0.0001
kalkunte,0.50,0.0001
mcard,0.50,0.0001
spayne,0.50,0.0001
finks,0.50,0.0001
twilliams,0.50,0.0001
em.legaspi,0.50,0.0001
therese,0.50,0.0001
8307,0.50,0.0001
bchayla,0.50,0.0001
leinenk,0.50,0.0001
motyz,0.50,0.0001
enemas,0.50,0.0001
luke,0.50,0.0001
chadderf,0.50,0.0001
habibslupee,0.50,0.0001
ur_mom,0.50,0.0001
mesiblue,0.50,0.0001
meads,0.50,0.0001
hbt,0.50,0.0001
baker,0.50,0.0001
r3lly,0.50,0.0001
pclemons,0.50,0.0001
asnaghook,0.50,0.0001
ksym,0.50,0.0001
eps,0.50,0.0001
jenniferm,0.50,0.0001
cgayathri,0.50,0.0001
dceleste,0.50,0.0001
prina.net,0.50,0.0001
bmore,0.50,0.0001
gentlepen,0.50,0.0001
soubhagya,0.50,0.0001
micaela,0.50,0.0001
jsabir,0.50,0.0001
thabietj,0.50,0.0001
rjd,0.50,0.0001
1430,0.50,0.0001
nanda,0.50,0.0001
4817,0.50,0.0001
dpinney,0.50,0.0001
677,0.50,0.0001
elisaacruz,0.50,0.0001
wmb,0.50,0.0001
alvarezm,0.50,0.0001
shane.berry1,0.50,0.0001
organized,0.50,0.0001
joeve,0.50,0.0001
studio,0.50,0.0001
ramin,0.50,0.0001
sato,0.50,0.0001
mfagalar,0.50,0.0001
maldenkarl,0.50,0.0001
hgumb,0.50,0.0001
medhavib,0.50,0.0001
leha,0.50,0.0001
ako,0.50,0.0001
adrian,0.50,0.0001
bentsminger,0.50,0.0001
bkeese,0.50,0.0001
jacent,0.50,0.0001
charllygrl,0.50,0.0001
cvangelatou,0.50,0.0001
bs,0.50,0.0001
jkranick,0.50,0.0001
hersh,0.50,0.0001
yashinl,0.50,0.0001
2kachmyr,0.50,0.0001
carmetaf,0.50,0.0001
kitti,0.50,0.0001
788,0.50,0.0001
mtoro,0.50,0.0001
wilborn.willie,0.50,0.0001
2talk,0.50,0.0001
nnadia,0.50,0.0001
72791445,0.50,0.0001
hedviga,0.50,0.0001
805,0.50,0.0001
rubio,0.50,0.0001
grose,0.50,0.0001
jeffreys,0.50,0.0001
amina,0.50,0.0001
smoke,0.50,0.0001
shine,0.50,0.0001
shine6,0.50,0.0001
smeer,0.50,0.0001
cb,0.50,0.0001
18282,0.50,0.0001
7213,0.50,0.0001
kk_boy,0.50,0.0001
ajmelin,0.50,0.0001
vegangirly,0.50,0.0001
shefveland,0.50,0.0001
jgv,0.50,0.0001
jerel,0.50,0.0001
kchan,0.50,0.0001
cindyr,0.50,0.0001
davejoy,0.50,0.0001
nilanjana,0.50,0.0001
jason-keinz,0.50,0.0001
thobilek,0.50,0.0001
ching,0.50,0.0001
ycallahan,0.50,0.0001
cebbybears,0.50,0.0001
30100,0.50,0.0001
lovelady,0.50,0.0001
queennieve,0.50,0.0001
drew,0.50,0.0001
64341,0.50,0.0001
rudi,0.50,0.0001
alisa,0.50,0.0001
5916,0.50,0.0001
af,0.50,0.0001
4195,0.50,0.0001
aandrus,0.50,0.0001
bolduc,0.50,0.0001
nan,0.50,0.0001
jms,0.50,0.0001
jboston,0.50,0.0001
aroun,0.50,0.0001
sunil,0.50,0.0001
ashton.tierney,0.50,0.0001
wezzy,0.50,0.0001
pkelsey,0.50,0.0001
sglorioso,0.50,0.0001
ebi,0.50,0.0001
645,0.50,0.0001
naa,0.50,0.0001
johnd,0.50,0.0001
rsivi,0.50,0.0001
7k,0.50,0.0001
dawsonm,0.50,0.0001
kimnyko,0.50,0.0001
brianda,0.50,0.0001
choua,0.50,0.0001
schaffee6,0.50,0.0001
schaffee,0.50,0.0001
5k,0.50,0.0001
minda,0.50,0.0001
jesusnme,0.50,0.0001
ihappygal,0.50,0.0001
rudy_bueno,0.50,0.0001
em,0.50,0.0001
mail,0.50,0.0001
jordans,0.50,0.0001
sahil.goyal,0.50,0.0001
0525,0.50,0.0001
shc,0.50,0.0001
dx,0.50,0.0001
611,0.50,0.0001
wj,0.50,0.0001
3pj,0.50,0.0001
elvis,0.50,0.0001
rls,0.50,0.0001
ezenker,0.50,0.0001
mvyagale,0.50,0.0001
1315,0.50,0.0001
g238,0.50,0.0001
neeta,0.50,0.0001
cleanne,0.50,0.0001
0821,0.50,0.0001
072,0.50,0.0001
westliferocks,0.50,0.0001
laiw,0.50,0.0001
5216,0.50,0.0001
dannymatian,0.50,0.0001
mshonty,0.50,0.0001
uqqn,0.50,0.0001
1186,0.50,0.0001
4prin,0.50,0.0001
aaronh,0.50,0.0001
6689,0.50,0.0001
9233,0.50,0.0001
emukendi,0.50,0.0001
pokkerrun,0.50,0.0001
931,0.50,0.0001
km,0.50,0.0001
kay,0.50,0.0001
nette,0.50,0.0001
lgarrett,0.50,0.0001
edithm,0.50,0.0001
trent_monk,0.50,0.0001
dnegroni1,0.50,0.0001
dnegroni,0.50,0.0001
hira-nasir,0.50,0.0001
norerm,0.50,0.0001
rbharungar,0.50,0.0001
debi.yohn,0.50,0.0001
kem,0.50,0.0001
bgipson,0.50,0.0001
asinof,0.50,0.0001
aguillards,0.50,0.0001
dhoff,0.50,0.0001
jspencer,0.50,0.0001
alessio,0.50,0.0001
mtoussaint4,0.50,0.0001
mtoussaint,0.50,0.0001
186,0.50,0.0001
aytac_kilic,0.50,0.0001
lnaumann,0.50,0.0001
vimal,0.50,0.0001
chim,0.50,0.0001
deleon,0.50,0.0001
4264,0.50,0.0001
suresk,0.50,0.0001
jholde,0.50,0.0001
2178,0.50,0.0001
91487,0.50,0.0001
2f,0.50,0.0001
oszajca,0.50,0.0001
mdusha,0.50,0.0001
rayk,0.50,0.0001
allenchu,0.50,0.0001
brichard,0.50,0.0001
1092,0.50,0.0001
clady,0.50,0.0001
160,0.50,0.0001
slemhmi,0.50,0.0001
khatis,0.50,0.0001
avt,0.50,0.0001
jsonal,0.50,0.0001
shebschebella,0.50,0.0001
geros,0.50,0.0001
ankur,0.50,0.0001
13865,0.50,0.0001
moraes,0.50,0.0001
ae,0.50,0.0001
neaka,0.50,0.0001
toby_bartlett,0.50,0.0001
bil,0.50,0.0001
marobob,0.50,0.0001
bianoc,0.50,0.0001
mitchell,0.50,0.0001
7767,0.50,0.0001
choei,0.50,0.0001
suhrwardy,0.50,0.0001
jesicas,0.50,0.0001
twishon,0.50,0.0001
jebc,0.50,0.0001
dcowan,0.50,0.0001
4subbu,0.50,0.0001
magorshine,0.50,0.0001
stapletong,0.50,0.0001
naggie,0.50,0.0001
laurita,0.50,0.0001
sgerdes,0.50,0.0001
kisnick,0.50,0.0001
dawnmariel,0.50,0.0001
jnajera,0.50,0.0001
amandy,0.50,0.0001
ronn,0.50,0.0001
ahurian,0.50,0.0001
moneymakey,0.50,0.0001
eleesullivan,0.50,0.0001
993,0.50,0.0001
zidni,0.50,0.0001
netsgd,0.50,0.0001
amyf,0.50,0.0001
erivillarreal,0.50,0.0001
emadz,0.50,0.0001
talongi,0.50,0.0001
dwleach,0.50,0.0001
savitakhaneja,0.50,0.0001
devesh.garg,0.50,0.0001
sheree,0.50,0.0001
21969,0.50,0.0001
moldolk,0.50,0.0001
175,0.50,0.0001
lyrix,0.50,0.0001
6six,0.50,0.0001
noveen.shuaib,0.50,0.0001
life,0.50,0.0001
1642,0.50,0.0001
09999,0.50,0.0001
apace,0.50,0.0001
wjhjr,0.50,0.0001
8103,0.50,0.0001
sattler,0.50,0.0001
1514,0.50,0.0001
pvc,0.50,0.0001
552,0.50,0.0001
bys,0.50,0.0001
xenia.diniz,0.50,0.0001
pmbcomm,0.50,0.0001
antwon1jr,0.50,0.0001
lwarner,0.50,0.0001
547,0.50,0.0001
wrucomfy,0.50,0.0001
jhoward,0.50,0.0001
0008,0.50,0.0001
owen.oda,0.50,0.0001
geshan,0.50,0.0001
na,0.50,0.0001
apr,0.50,0.0001
ps,0.50,0.0001
1930,0.50,0.0001
lrgoose,0.50,0.0001
lrhodes,0.50,0.0001
jayla,0.50,0.0001
jaden,0.50,0.0001
4262,0.50,0.0001
4991,0.50,0.0001
elly,0.50,0.0001
228,0.50,0.0001
fhillsman,0.50,0.0001
448,0.50,0.0001
bking,0.50,0.0001
rav,0.50,0.0001
mking,0.50,0.0001
1meemee,0.50,0.0001
407,0.50,0.0001
covmedia,0.50,0.0001
shay,0.50,0.0001
pb,0.50,0.0001
robinson,0.50,0.0001
8gaspar,0.50,0.0001
wahabi,0.50,0.0001
curt,0.50,0.0001
dgfan,0.50,0.0001
yesuto,0.50,0.0001
sgikurumi,0.50,0.0001
ace.bobby,0.50,0.0001
jasontanner,0.50,0.0001
jasontanner1,0.50,0.0001
12376,0.50,0.0001
yiota,0.50,0.0001
nolette,0.50,0.0001
martin,0.50,0.0001
martin1,0.50,0.0001
isphone,0.50,0.0001
regularjoes,0.50,0.0001
danielt,0.50,0.0001
womack,0.50,0.0001
stanp,0.50,0.0001
donnal,0.50,0.0001
5m,0.50,0.0001
2bm,0.50,0.0001
lancasterd,0.50,0.0001
tv,0.50,0.0001
kee,0.50,0.0001
luck,0.50,0.0001
zeke,0.50,0.0001
baroi,0.50,0.0001
abb,0.50,0.0001
pghfriendrich,0.50,0.0001
j99545,0.50,0.0001
99545,0.50,0.0001
schinu,0.50,0.0001
pie_aplecake,0.50,0.0001
freyas,0.50,0.0001
thofer,0.50,0.0001
sdupe,0.50,0.0001
sgrider,0.50,0.0001
alexandra1,0.50,0.0001
to,0.50,0.0001
hwomack,0.50,0.0001
dwcty,0.50,0.0001
lcf,0.50,0.0001
deadman,0.50,0.0001
chevys,0.50,0.0001
534,0.50,0.0001
084,0.50,0.0001
kos,0.50,0.0001
lamthuyl,0.50,0.0001
wbakhos,0.50,0.0001
leko,0.50,0.0001
tan_leigh,0.50,0.0001
tjeerd,0.50,0.0001
sunsworth,0.50,0.0001
banks,0.50,0.0001
renaek,0.50,0.0001
3burns,0.50,0.0001
emoney,0.50,0.0001
abrown,0.50,0.0001
khalydc,0.50,0.0001
marm,0.50,0.0001
bithai,0.50,0.0001
srvnvle,0.50,0.0001
91877,0.50,0.0001
3al,0.50,0.0001
jacobst,0.50,0.0001
pc,0.50,0.0001
10199,0.50,0.0001
rohitash,0.50,0.0001
mtuwanda,0.50,0.0001
6781,0.50,0.0001
bass,0.50,0.0001
keth,0.50,0.0001
466,0.50,0.0001
hoodfellas,0.50,0.0001
didi_ofi,0.50,0.0001
lampir,0.50,0.0001
ts,0.50,0.0001
his,0.50,0.0001
natureboyi,0.50,0.0001
catow,0.50,0.0001
18288,0.50,0.0001
22322,0.50,0.0001
holly.holte,0.50,0.0001
zahi_za,0.50,0.0001
jh,0.50,0.0001
tuanl,0.50,0.0001
din.kutan,0.50,0.0001
jbrunken,0.50,0.0001
dod,0.50,0.0001
latv,0.50,0.0001
rgw,0.50,0.0001
esuprabha,0.50,0.0001
2513,0.50,0.0001
mad2film,0.50,0.0001
fanklin,0.50,0.0001
codeyb,0.50,0.0001
colllins,0.50,0.0001
ambut.gothan,0.50,0.0001
4nyc,0.50,0.0001
pival.stakes,0.50,0.0001
ksusan,0.50,0.0001
mcompuu,0.50,0.0001
kentzia,0.50,0.0001
gopinath,0.50,0.0001
sachin.mali,0.50,0.0001
3772000,0.50,0.0001
shivneels,0.50,0.0001
ka,0.50,0.0001
bl.praven,0.50,0.0001
4m,0.50,0.0001
sujoy,0.50,0.0001
ruebenj,0.50,0.0001
friedl,0.50,0.0001
2190,0.50,0.0001
ene,0.50,0.0001
icer,0.50,0.0001
ddondzilo,0.50,0.0001
coral,0.50,0.0001
eric.hagadorn,0.50,0.0001
jsalazar,0.50,0.0001
nivashd,0.50,0.0001
2193,0.50,0.0001
tn,0.50,0.0001
baram,0.50,0.0001
scg,0.50,0.0001
3y,0.50,0.0001
188,0.50,0.0001
jpr,0.50,0.0001
ahnna_bell,0.50,0.0001
bhussein,0.50,0.0001
aaa,0.50,0.0001
sherham,0.50,0.0001
gregory,0.50,0.0001
glenn,0.50,0.0001
3375,0.50,0.0001
rifat.abir,0.50,0.0001
laurenk,0.50,0.0001
3777,0.50,0.0001
drewh,0.50,0.0001
mul,0.50,0.0001
chetana,0.50,0.0001
opiehd,0.50,0.0001
the-boss,0.50,0.0001
7j,0.50,0.0001
9g,0.50,0.0001
lucinda.roth,0.50,0.0001
167,0.50,0.0001
wagner,0.50,0.0001
avrasut,0.50,0.0001
535,0.50,0.0001
mikkoh,0.50,0.0001
970,0.50,0.0001
sharu,0.50,0.0001
19826,0.50,0.0001
ktfletch,0.50,0.0001
suzys,0.50,0.0001
hananf,0.50,0.0001
mikey_cars,0.50,0.0001
fox,0.50,0.0001
boki,0.50,0.0001
adnyz,0.50,0.0001
bvoigt,0.50,0.0001
maryl,0.50,0.0001
beagler,0.50,0.0001
meb,0.50,0.0001
866,0.50,0.0001
gabel,0.50,0.0001
lconway,0.50,0.0001
4215,0.50,0.0001
zhuky_zhuck,0.50,0.0001
flexfiles,0.50,0.0001
manish,0.50,0.0001
jamare_austin,0.50,0.0001
alice,0.50,0.0001
pumpkinhead,0.50,0.0001
cotton,0.50,0.0001
cotton1,0.50,0.0001
709,0.50,0.0001
2cute,0.50,0.0001
terell,0.50,0.0001
3theking,0.50,0.0001
sujitha,0.50,0.0001
3studio,0.50,0.0001
rjlittlec,0.50,0.0001
wuyy,0.50,0.0001
1onica,0.50,0.0001
bhatwalne,0.50,0.0001
nvx_thut,0.50,0.0001
zoe_mccawley,0.50,0.0001
nacie,0.50,0.0001
064,0.50,0.0001
1h,0.50,0.0001
shamz,0.50,0.0001
irrigationtvs,0.50,0.0001
2602,0.50,0.0001
73181,0.50,0.0001
poohgley,0.50,0.0001
marctaz,0.50,0.0001
sabinet,0.50,0.0001
774,0.50,0.0001
tony.singh,0.50,0.0001
rulesha,0.50,0.0001
se,0.50,0.0001
elodiev,0.50,0.0001
shah,0.50,0.0001
2a,0.50,0.0001
jtaylor,0.50,0.0001
andrei,0.50,0.0001
0131,0.50,0.0001
drewalanw,0.50,0.0001
boner,0.50,0.0001
0774,0.50,0.0001
doc_aqa,0.50,0.0001
195769,0.50,0.0001
chelb,0.50,0.0001
kwalters,0.50,0.0001
bossb,0.50,0.0001
4d,0.50,0.0001
aw,0.50,0.0001
dam,0.50,0.0001
skoelbl,0.50,0.0001
priyanka.kale,0.50,0.0001
valeriek,0.50,0.0001
ferry_fiya,0.50,0.0001
bke,0.50,0.0001
1062,0.50,0.0001
smita,0.50,0.0001
blueline,0.50,0.0001
blueline2,0.50,0.0001
czee,0.50,0.0001
boyangq,0.50,0.0001
dwlght,0.50,0.0001
oey,0.50,0.0001
dr.ozcar,0.50,0.0001
crespin,0.50,0.0001
11990,0.50,0.0001
blm,0.50,0.0001
steve.markow,0.50,0.0001
tbrock,0.50,0.0001
cnobles,0.50,0.0001
thomaslnd,0.50,0.0001
fz,0.50,0.0001
9c,0.50,0.0001
1psyhigh,0.50,0.0001
candy,0.50,0.0001
gmail.com,0.50,0.0001
blair,0.50,0.0001
jnw,0.50,0.0001
jkling,0.50,0.0001
hannibal,0.50,0.0001
0007,0.50,0.0001
nelsonj,0.50,0.0001
jmalinee,0.50,0.0001
aeirock,0.50,0.0001
adokwei,0.50,0.0001
pickwholesale,0.50,0.0001
ccotter,0.50,0.0001
g_eene,0.50,0.0001
eene,0.50,0.0001
bquat,0.50,0.0001
998,0.50,0.0001
jasminaz,0.50,0.0001
kmiller,0.50,0.0001
jdfet,0.50,0.0001
gb,0.50,0.0001
allie,0.50,0.0001
alee,0.50,0.0001
notdraw,0.50,0.0001
samsugas,0.50,0.0001
3s,0.50,0.0001
mgc,0.50,0.0001
nqbn,0.50,0.0001
miket,0.50,0.0001
zomberella,0.50,0.0001
tuckerfenwick,0.50,0.0001
voxant,0.50,0.0001
jdebbink,0.50,0.0001
21976,0.50,0.0001
sashok,0.50,0.0001
sarem,0.50,0.0001
tkennedy,0.50,0.0001
404,0.50,0.0001
lukavk,0.50,0.0001
5d,0.50,0.0001
diderburr,0.50,0.0001
832,0.50,0.0001
wah,0.50,0.0001
nt,0.50,0.0001
wadethomas,0.50,0.0001
jw,0.50,0.0001
barrettj,0.50,0.0001
031189,0.50,0.0001
2r,0.50,0.0001
tsouthern,0.50,0.0001
seo.task,0.50,0.0001
dragos,0.50,0.0001
lchesson,0.50,0.0001
hflynt,0.50,0.0001
computers,0.50,0.0001
katru,0.50,0.0001
klp,0.50,0.0001
petko,0.50,0.0001
9939,0.50,0.0001
4makivan,0.50,0.0001
adavis,0.50,0.0001
johnpusy,0.50,0.0001
acarson,0.50,0.0001
mukeish,0.50,0.0001
linx,0.50,0.0001
941,0.50,0.0001
haven,0.50,0.0001
thirkillr,0.50,0.0001
bt,0.50,0.0001
nimbalkar,0.50,0.0001
insomni4k,0.50,0.0001
rsilda,0.50,0.0001
veloso,0.50,0.0001
kathv,0.50,0.0001
suntuu,0.50,0.0001
mpz,0.50,0.0001
5x,0.50,0.0001
dcarbon,0.50,0.0001
dgrendelll,0.50,0.0001
sabate,0.50,0.0001
aroux,0.50,0.0001
bryanm,0.50,0.0001
jsw,0.50,0.0001
8086,0.50,0.0001
maiat,0.50,0.0001
particles,0.50,0.0001
refuzd,0.50,0.0001
smullins,0.50,0.0001
4n,0.50,0.0001
leens,0.50,0.0001
dee.simpson9,0.50,0.0001
con,0.50,0.0001
jhnd,0.50,0.0001
shafee,0.50,0.0001
heiman,0.50,0.0001
djohnson,0.50,0.0001
8115,0.50,0.0001
abinav,0.50,0.0001
andyt,0.50,0.0001
no,0.50,0.0001
hurst,0.50,0.0001
ihinman,0.50,0.0001
tlewis,0.50,0.0001
f_defillo1,0.50,0.0001
defillo1,0.50,0.0001
defillo,0.50,0.0001
godaddy,0.50,0.0001
marcrhill,0.50,0.0001
mguster,0.50,0.0001
fetzxk,0.50,0.0001
hrmtup,0.50,0.0001
shredderf,0.50,0.0001
nh,0.50,0.0001
8m,0.50,0.0001
felicyeow,0.50,0.0001
0051,0.50,0.0001
fouqu,0.50,0.0001
uganreddy,0.50,0.0001
black,0.50,0.0001
lwhite,0.50,0.0001
uu,0.50,0.0001
mickeylsmith,0.50,0.0001
rfrancislau,0.50,0.0001
spice,0.50,0.0001
jhammer,0.50,0.0001
jharmon,0.50,0.0001
mford,0.50,0.0001
vitimmune,0.50,0.0001
hrb,0.50,0.0001
cap,0.50,0.0001
9302,0.50,0.0001
rief,0.50,0.0001
4leonardi,0.50,0.0001
877,0.50,0.0001
evans,0.50,0.0001
udayrajpandey,0.50,0.0001
kkrishna,0.50,0.0001
bdevine,0.50,0.0001
ayam_beruk,0.50,0.0001
1567,0.50,0.0001
2700,0.50,0.0001
5matthew,0.50,0.0001
mkyoots,0.50,0.0001
lipos,0.50,0.0001
oreg,0.50,0.0001
bradin,0.50,0.0001
1m,0.50,0.0001
zzoodsma,0.50,0.0001
xhear,0.50,0.0001
wi,0.50,0.0001
vmred,0.50,0.0001
1251,0.50,0.0001
gtmcfad,0.50,0.0001
cedergren,0.50,0.0001
lehren.tv,0.50,0.0001
laser,0.50,0.0001
flashmole,0.50,0.0001
m6usin,0.50,0.0001
jadenhere,0.50,0.0001
johnmcclane,0.50,0.0001
dmartin,0.50,0.0001
slater,0.50,0.0001
degarmo,0.50,0.0001
writes,0.50,0.0001
shireve,0.50,0.0001
asawad,0.50,0.0001
mellowdz,0.50,0.0001
tptol,0.50,0.0001
2college,0.50,0.0001
benji,0.50,0.0001
mar,0.50,0.0001
mar_z,0.50,0.0001
ibrahim,0.50,0.0001
ogoodman,0.50,0.0001
197,0.50,0.0001
770,0.50,0.0001
stater,0.50,0.0001
1009,0.50,0.0001
bug,0.50,0.0001
wjacko,0.50,0.0001
perfectmarket,0.50,0.0001
shaikh,0.50,0.0001
unaznida,0.50,0.0001
1finally,0.50,0.0001
anna.ellani,0.50,0.0001
kath,0.50,0.0001
gautamn,0.50,0.0001
celtik,0.50,0.0001
726,0.50,0.0001
zsorter,0.50,0.0001
fried,0.50,0.0001
10204,0.50,0.0001
ij,0.50,0.0001
sxf,0.50,0.0001
baier,0.50,0.0001
twp,0.50,0.0001
kunal,0.50,0.0001
wills,0.50,0.0001
lynnpen,0.50,0.0001
c.lynnpen,0.50,0.0001
bidet,0.50,0.0001
rw,0.50,0.0001
emmerich,0.50,0.0001
rrpq,0.50,0.0001
habib,0.50,0.0001
liposu,0.50,0.0001
findroomshare,0.50,0.0001
n.grandy,0.50,0.0001
grandy,0.50,0.0001
weaver,0.50,0.0001
jaymohg,0.50,0.0001
2276,0.50,0.0001
eva,0.50,0.0001
dskelchy,0.50,0.0001
utravel,0.50,0.0001
malyka,0.50,0.0001
tk,0.50,0.0001
steven,0.50,0.0001
bfready,0.50,0.0001
eve,0.50,0.0001
roche,0.50,0.0001
printw,0.50,0.0001
1589,0.50,0.0001
wminley,0.50,0.0001
amro,0.50,0.0001
12984,0.50,0.0001
boufermel,0.50,0.0001
rhoeksema,0.50,0.0001
1twins,0.50,0.0001
8000,0.50,0.0001
ahempler,0.50,0.0001
bwise,0.50,0.0001
13370,0.50,0.0001
lord,0.50,0.0001
rmz,0.50,0.0001
murphya,0.50,0.0001
joly,0.50,0.0001
fx,0.50,0.0001
skb,0.50,0.0001
firmisss,0.50,0.0001
awickler,0.50,0.0001
naturedrs,0.50,0.0001
rgp,0.50,0.0001
ahmed,0.50,0.0001
jmulhall,0.50,0.0001
benj,0.50,0.0001
1072,0.50,0.0001
mikegike,0.50,0.0001
7774,0.50,0.0001
alluraj,0.50,0.0001
tl,0.50,0.0001
thorton,0.50,0.0001
thortonw,0.50,0.0001
jta,0.50,0.0001
wkdinvestment,0.50,0.0001
style,0.50,0.0001
jaindevaang,0.50,0.0001
cbs,0.50,0.0001
byrdb,0.50,0.0001
mc,0.50,0.0001
275,0.50,0.0001
austenu,0.50,0.0001
houk,0.50,0.0001
094,0.50,0.0001
jditton,0.50,0.0001
lvistal,0.50,0.0001
mjp,0.50,0.0001
bekah,0.50,0.0001
276,0.50,0.0001
hollie_rox,0.50,0.0001
588,0.50,0.0001
40894,0.50,0.0001
1245,0.50,0.0001
wee.gamy,0.50,0.0001
dmd,0.50,0.0001
jfc,0.50,0.0001
terence.check,0.50,0.0001
psullivan,0.50,0.0001
tmcnamara,0.50,0.0001
mohdallamah,0.50,0.0001
seo-host,0.50,0.0001
233,0.50,0.0001
amassaia,0.50,0.0001
jomic,0.50,0.0001
mt,0.50,0.0001
imaney,0.50,0.0001
k.imaney,0.50,0.0001
hadeedg,0.50,0.0001
galbrecht,0.50,0.0001
lydon,0.50,0.0001
ibsi.boyer,0.50,0.0001
carson,0.50,0.0001
gar,0.50,0.0001
llyssa,0.50,0.0001
4333,0.50,0.0001
tammy,0.50,0.0001
kuitim,0.50,0.0001
swolfgang,0.50,0.0001
debrazito,0.50,0.0001
kkajan,0.50,0.0001
0389,0.50,0.0001
cbednez,0.50,0.0001
figo,0.50,0.0001
mhoyo,0.50,0.0001
spen01,0.50,0.0001
spen,0.50,0.0001
lillia,0.50,0.0001
masih,0.50,0.0001
20090,0.50,0.0001
jkehrtzll,0.50,0.0001
aharmony,0.50,0.0001
raff_bns,0.50,0.0001
jasonc,0.50,0.0001
not,0.50,0.0001
ki,0.50,0.0001
ctl,0.50,0.0001
mayur,0.50,0.0001
7747,0.50,0.0001
andrews,0.50,0.0001
dkk,0.50,0.0001
manning,0.50,0.0001
amyc,0.50,0.0001
leine,0.50,0.0001
abv,0.50,0.0001
loveme,0.50,0.0001
su,0.50,0.0001
premg,0.50,0.0001
kristint,0.50,0.0001
2477,0.50,0.0001
im_jepholic,0.50,0.0001
brandons,0.50,0.0001
stewertlittle,0.50,0.0001
nicholas,0.50,0.0001
lucy,0.50,0.0001
anuradha5,0.50,0.0001
jsrsolutions,0.50,0.0001
saitken,0.50,0.0001
michelleoleary,0.50,0.0001
lex,0.50,0.0001
anoelle,0.50,0.0001
4x,0.50,0.0001
liyad,0.50,0.0001
ericleebo,0.50,0.0001
linda_arnaout,0.50,0.0001
designs,0.50,0.0001
rrlandry,0.50,0.0001
ironaim,0.50,0.0001
rogerwisemann,0.50,0.0001
tylerrosevear,0.50,0.0001
6003,0.50,0.0001
tporter,0.50,0.0001
msayad,0.50,0.0001
brb,0.50,0.0001
lim,0.50,0.0001
tuttle,0.50,0.0001
coach,0.50,0.0001
kalpanaaa,0.50,0.0001
byronetodd,0.50,0.0001
billie,0.50,0.0001
flores,0.50,0.0001
teia,0.50,0.0001
rmw,0.50,0.0001
drew.liseno,0.50,0.0001
nazri,0.50,0.0001
burwella,0.50,0.0001
meg.riggs,0.50,0.0001
cms,0.50,0.0001
djlvart,0.50,0.0001
5682,0.50,0.0001
mxenitelis,0.50,0.0001
slesheia,0.50,0.0001
3109,0.50,0.0001
4109,0.50,0.0001
ytarplin,0.50,0.0001
dominguezg,0.50,0.0001
dtc,0.50,0.0001
kixa,0.50,0.0001
918,0.50,0.0001
025,0.50,0.0001
tt,0.50,0.0001
kcassell,0.50,0.0001
nelsen,0.50,0.0001
josh-k,0.50,0.0001
lhenmat,0.50,0.0001
035,0.50,0.0001
arun8sharma,0.50,0.0001
panna,0.50,0.0001
akr,0.50,0.0001
shelby,0.50,0.0001
felix_lgj4,0.50,0.0001
john.david,0.50,0.0001
kendram,0.50,0.0001
stacifields,0.50,0.0001
handy,0.50,0.0001
layne,0.50,0.0001
2787,0.50,0.0001
5473,0.50,0.0001
dani,0.50,0.0001
indra,0.50,0.0001
br,0.50,0.0001
781,0.50,0.0001
mkb,0.50,0.0001
rozz,0.50,0.0001
9112,0.50,0.0001
welcome,0.50,0.0001
rb,0.50,0.0001
ivana,0.50,0.0001
calebs,0.50,0.0001
wilbert_babano,0.50,0.0001
joeg,0.50,0.0001
lenna.chan,0.50,0.0001
tyst3r,0.50,0.0001
95129,0.50,0.0001
obooboo,0.50,0.0001
grl,0.50,0.0001
zzdiety,0.50,0.0001
sim,0.50,0.0001
mcarloni,0.50,0.0001
mohit.mathur,0.50,0.0001
997,0.50,0.0001
mwebster,0.50,0.0001
ddr,0.50,0.0001
mokoza,0.50,0.0001
243,0.50,0.0001
5727,0.50,0.0001
fbingle,0.50,0.0001
9992,0.50,0.0001
djj,0.50,0.0001
cgiampietri,0.50,0.0001
4tawonda,0.50,0.0001
coalkings,0.50,0.0001
bsmith,0.50,0.0001
streetsh,0.50,0.0001
sllko,0.50,0.0001
rshafer,0.50,0.0001
rmaydick,0.50,0.0001
ws,0.50,0.0001
emckie,0.50,0.0001
jrollback,0.50,0.0001
0129,0.50,0.0001
kknowles,0.50,0.0001
406,0.50,0.0001
43004,0.50,0.0001
clewis,0.50,0.0001
vsingh,0.50,0.0001
dpuniadi,0.50,0.0001
aryeager,0.50,0.0001
weealexo,0.50,0.0001
pinky,0.50,0.0001
menar5,0.50,0.0001
menar,0.50,0.0001
wingman,0.50,0.0001
navjaa,0.50,0.0001
annh,0.50,0.0001
tatap.muka,0.50,0.0001
blind,0.50,0.0001
vky,0.50,0.0001
ccrobi,0.50,0.0001
caigew,0.50,0.0001
908,0.50,0.0001
jaysmark,0.50,0.0001
danie,0.50,0.0001
aubreyp,0.50,0.0001
4800,0.50,0.0001
eup,0.50,0.0001
collaboration,0.50,0.0001
tenillr,0.50,0.0001
mg,0.50,0.0001
mh,0.50,0.0001
sn,0.50,0.0001
jhubbard,0.50,0.0001
arunjit,0.50,0.0001
1287,0.50,0.0001
5904,0.50,0.0001
cy,0.50,0.0001
skogut,0.50,0.0001
maxd,0.50,0.0001
dmh,0.50,0.0001
eltaylor,0.50,0.0001
waites,0.50,0.0001
rfschian,0.50,0.0001
mauney,0.50,0.0001
nbing,0.50,0.0001
tori_mccollum,0.50,0.0001
lee.adnan,0.50,0.0001
harinathredddy,0.50,0.0001
077,0.50,0.0001
davey,0.50,0.0001
only,0.50,0.0001
cjameselijah,0.50,0.0001
mawe.barrios,0.50,0.0001
3rd,0.50,0.0001
qkiani,0.50,0.0001
1311,0.50,0.0001
juggalo,0.50,0.0001
imb-ing,0.50,0.0001
llr,0.50,0.0001
146,0.50,0.0001
mcadmin,0.50,0.0001
oleff,0.50,0.0001
ware,0.50,0.0001
3angels,0.50,0.0001
8721,0.50,0.0001
talbot,0.50,0.0001
imacfarlane,0.50,0.0001
2258,0.50,0.0001
social-arc,0.50,0.0001
djpuppey,0.50,0.0001
larryw,0.50,0.0001
9z,0.50,0.0001
lk,0.50,0.0001
267,0.50,0.0001
4future,0.50,0.0001
emclove,0.50,0.0001
2blessed,0.50,0.0001
john_smith,0.50,0.0001
mardok,0.50,0.0001
vaz,0.50,0.0001
blaurence,0.50,0.0001
dmhess,0.50,0.0001
cyn,0.50,0.0001
pulungac,0.50,0.0001
wtaylor,0.50,0.0001
048,0.50,0.0001
2chevy,0.50,0.0001
verma,0.50,0.0001
5kyy,0.50,0.0001
resvick,0.50,0.0001
aker,0.50,0.0001
tech,0.50,0.0001
ashleigh,0.50,0.0001
lakratir,0.50,0.0001
mplavoukos,0.50,0.0001
devo2,0.50,0.0001
devo,0.50,0.0001
anneandjerome,0.50,0.0001
shanghai,0.50,0.0001
1l,0.50,0.0001
nickkeslar,0.50,0.0001
haircarehints,0.50,0.0001
0m,0.50,0.0001
0f,0.50,0.0001
liljsaidi,0.50,0.0001
tshin,0.50,0.0001
bni,0.50,0.0001
dusek,0.50,0.0001
19880,0.50,0.0001
chinazrh.com,0.50,0.0001
addi,0.50,0.0001
addi3,0.50,0.0001
ti,0.50,0.0001
2306,0.50,0.0001
mcuddahee,0.50,0.0001
smurf,0.50,0.0001
1091,0.50,0.0001
0w,0.50,0.0001
2709,0.50,0.0001
steveen_,0.50,0.0001
steveen,0.50,0.0001
weiss,0.50,0.0001
florimm,0.50,0.0001
le.clim,0.50,0.0001
nmh,0.50,0.0001
aprakash,0.50,0.0001
ami,0.50,0.0001
noll,0.50,0.0001
kronic_kid7,0.50,0.0001
idkatemoss,0.50,0.0001
akreigh,0.50,0.0001
fikin,0.50,0.0001
mb,0.50,0.0001
btombow,0.50,0.0001
ooktra,0.50,0.0001
0503,0.50,0.0001
975,0.50,0.0001
lkreigh,0.50,0.0001
0078,0.50,0.0001
0v,0.50,0.0001
markyr,0.50,0.0001
milkhoneyland,0.50,0.0001
jserrano,0.50,0.0001
gibbs-soell,0.50,0.0001
goodfish,0.50,0.0001
mtravel,0.50,0.0001
cf,0.50,0.0001
klawzx,0.50,0.0001
amru,0.50,0.0001
795,0.50,0.0001
30000,0.50,0.0001
244271,0.50,0.0001
trinity_ojo,0.50,0.0001
nf,0.50,0.0001
vincep,0.50,0.0001
0213,0.50,0.0001
81870,0.50,0.0001
422186,0.50,0.0001
madotrak,0.50,0.0001
richardson4,0.50,0.0001
0714,0.50,0.0001
markr,0.50,0.0001
dude,0.50,0.0001
452,0.50,0.0001
rf,0.50,0.0001
192,0.50,0.0001
gac,0.50,0.0001
shylacp,0.50,0.0001
anupamak,0.50,0.0001
psimingt,0.50,0.0001
acaedys,0.50,0.0001
dritmir_,0.50,0.0001
dritmir,0.50,0.0001
jrebman,0.50,0.0001
toddb,0.50,0.0001
ethom,0.50,0.0001
sisk,0.50,0.0001
saundhe,0.50,0.0001
clm,0.50,0.0001
gibson,0.50,0.0001
chrisr,0.50,0.0001
506,0.50,0.0001
breanay,0.50,0.0001
swagerkids,0.50,0.0001
grg,0.50,0.0001
638,0.50,0.0001
4vegas,0.50,0.0001
simongecko,0.50,0.0001
harolds,0.50,0.0001
ry,0.50,0.0001
ilija,0.50,0.0001
mohie,0.50,0.0001
myatt,0.50,0.0001
plascko,0.50,0.0001
966,0.50,0.0001
935,0.50,0.0001
cer,0.50,0.0001
dragon1wolf,0.50,0.0001
zb,0.50,0.0001
usin,0.50,0.0001
othomas,0.50,0.0001
tronik,0.50,0.0001
8jack,0.50,0.0001
shubh,0.50,0.0001
billcarney,0.50,0.0001
kingusia,0.50,0.0001
nathan.mcnutt,0.50,0.0001
vuem,0.50,0.0001
1002,0.50,0.0001
ateam,0.50,0.0001
koradep,0.50,0.0001
6777,0.50,0.0001
kwhite,0.50,0.0001
lynwoodc,0.50,0.0001
rfrankhouser,0.50,0.0001
957,0.50,0.0001
lg,0.50,0.0001
nic,0.50,0.0001
12181,0.50,0.0001
berlindaf,0.50,0.0001
8x,0.50,0.0001
0923,0.50,0.0001
cl,0.50,0.0001
rpalmer,0.50,0.0001
784,0.50,0.0001
hajou,0.50,0.0001
hajou5,0.50,0.0001
clairen,0.50,0.0001
tiana.farina,0.50,0.0001
associatedac,0.50,0.0001
associatedae,0.50,0.0001
associatedaf,0.50,0.0001
samanta,0.50,0.0001
fivemice,0.50,0.0001
edphelps,0.50,0.0001
320,0.50,0.0001
sheri,0.50,0.0001
boobie,0.50,0.0001
haley,0.50,0.0001
nicole.hidey,0.50,0.0001
aparris,0.50,0.0001
rmathure,0.50,0.0001
122537,0.50,0.0001
122521,0.50,0.0001
homeshow,0.50,0.0001
kevz,0.50,0.0001
yuman,0.50,0.0001
1493,0.50,0.0001
2980,0.50,0.0001
0917,0.50,0.0001
61992,0.50,0.0001
sadah,0.50,0.0001
mubish_belim,0.50,0.0001
lhoward,0.50,0.0001
pr.com,0.50,0.0001
951,0.50,0.0001
ninoid,0.50,0.0001
jasperpunkkid,0.50,0.0001
billzpaid,0.50,0.0001
spank,0.50,0.0001
reyn,0.50,0.0001
dstatler,0.50,0.0001
oguntola,0.50,0.0001
josh-ba,0.50,0.0001
fozia,0.50,0.0001
chief_res,0.50,0.0001
fa,0.50,0.0001
7luna,0.50,0.0001
0623,0.50,0.0001
bncoon,0.50,0.0001
mike_shammy,0.50,0.0001
493,0.50,0.0001
iyogi.net,0.50,0.0001
liz,0.50,0.0001
jkund,0.50,0.0001
danicaleigh,0.50,0.0001
mlade,0.50,0.0001
28515,0.50,0.0001
sciborg,0.50,0.0001
1111111,0.50,0.0001
cbmax,0.50,0.0001
080,0.50,0.0001
kw,0.50,0.0001
hayam,0.50,0.0001
twigg,0.50,0.0001
mivec_rs,0.50,0.0001
2707,0.50,0.0001
lsr,0.50,0.0001
stephanied,0.50,0.0001
robert2,0.50,0.0001
lynda,0.50,0.0001
vixen_mgb,0.50,0.0001
9028,0.50,0.0001
bw,0.50,0.0001
maahmed,0.50,0.0001
damon,0.50,0.0001
rbennett,0.50,0.0001
shiks,0.50,0.0001
2975,0.50,0.0001
kcoaty,0.50,0.0001
amai,0.50,0.0001
adiba,0.50,0.0001
969,0.50,0.0001
jbattisti,0.50,0.0001
wresdie,0.50,0.0001
silvia,0.50,0.0001
olie,0.50,0.0001
thomasmrk,0.50,0.0001
thomasmrk9,0.50,0.0001
jad,0.50,0.0001
095,0.50,0.0001
vl,0.50,0.0001
grischyd,0.50,0.0001
vytza,0.50,0.0001
jncurry,0.50,0.0001
clute,0.50,0.0001
pizzacokecake,0.50,0.0001
shop,0.50,0.0001
lslappy,0.50,0.0001
kelli,0.50,0.0001
556,0.50,0.0001
buddo,0.50,0.0001
wkimisan,0.50,0.0001
sizerk,0.50,0.0001
geek,0.50,0.0001
esha.marathe,0.50,0.0001
ksb,0.50,0.0001
lala,0.50,0.0001
siver,0.50,0.0001
ring,0.50,0.0001
k.ring,0.50,0.0001
merle,0.50,0.0001
dwise,0.50,0.0001
chintendox,0.50,0.0001
8s,0.50,0.0001
needymeds,0.50,0.0001
thianpa,0.50,0.0001
m25,0.50,0.0001
cd,0.50,0.0001
067,0.50,0.0001
carcoverst,0.50,0.0001
9818,0.50,0.0001
jhodges,0.50,0.0001
edithw,0.50,0.0001
remzi,0.50,0.0001
043,0.50,0.0001
042,0.50,0.0001
peloquin,0.50,0.0001
sinclair,0.50,0.0001
2dugin,0.50,0.0001
meckle,0.50,0.0001
663,0.50,0.0001
panther,0.50,0.0001
umeshs,0.50,0.0001
ifaris,0.50,0.0001
jasons,0.50,0.0001
sonet,0.50,0.0001
thom,0.50,0.0001
mounir.yassa,0.50,0.0001
laur_wright,0.50,0.0001
pjohnson,0.50,0.0001
ip,0.50,0.0001
yashwantc,0.50,0.0001
dhinesh,0.50,0.0001
gov,0.50,0.0001
lisichkaa,0.50,0.0001
ge,0.50,0.0001
jdb,0.50,0.0001
yousefalyazji,0.50,0.0001
oo,0.50,0.0001
tomar,0.50,0.0001
8791,0.50,0.0001
teste,0.50,0.0001
romail_tariq,0.50,0.0001
qhygrunt,0.50,0.0001
jtt,0.50,0.0001
yraja,0.50,0.0001
afauzan,0.50,0.0001
deepti_ghosh,0.50,0.0001
strug,0.50,0.0001
marzianna,0.50,0.0001
carie,0.50,0.0001
larryr,0.50,0.0001
yoshiman,0.50,0.0001
charitha,0.50,0.0001
jwa_nei,0.50,0.0001
danniib,0.50,0.0001
mitesh,0.50,0.0001
lorive,0.50,0.0001
jcu,0.50,0.0001
mary,0.50,0.0001
lt,0.50,0.0001
mohitv,0.50,0.0001
fird,0.50,0.0001
1025118,0.50,0.0001
leon.rimmey,0.50,0.0001
1549,0.50,0.0001
m6,0.50,0.0001
enquiries,0.50,0.0001
